번호,변수명,변수설명
1,G181PID,PID
2,G181BRANCH,본분교
3,G181FOUND,국공사립
4,G181COURSE,학위과정 유형
5,G181DAYNIGHT,주야간
6,G181MAJORCAT,전공계열
7,G181DPMT,전공_소분류 CODE
8,G181DPMT_N,전공_소분류명 (2017g~ 소분류명 별도변수로 분리)
9,G181MAJOR,전공 세분류 CODE 혹은 전공명
10,G181MAJOR_N,전공 세분류명 (2017g~ 세분류명 별도변수로 분리)
11,G181SCHOOL,학교유형
12,G181PROVINCE,학교소재권역
13,G181AREA,학교소재지역
14,G181SEX,성별
15,G181BIRTHY,출생년
16,G181BIRTHM,출생월
17,G181AGE,연령(조사기준일 당시)
18,G181GRADUY,졸업년
19,G181GRADUM,졸업월
20,G181SQ001,SQ1. 지난 4주 간 주로 한 일
21,G181SQ002,SQ1-1. 주된 활동 시작시점_년
22,G181SQ003,SQ1-1. 주된 활동 시작시점_월
23,G181SQ004,SQ2. 지난 1주 간 주로 한 일
24,G181SQ005,SQ3. 지난 1주 간 1시간 이상 수입을 목적으로 한 일을 한 적이 있는지 여부
25,G181SQ006,"SQ4. 지난 1주 간 했던 일의 종류_임금,비임금, 무급종사자"
26,G181SQ007,SQ4-1. 가족(친지)를 돕는 일이 1주일 평균 약 18시간 이상인지 여부
27,G181SQ008,SQ5. 지난 1주간 일을 하지 않았지만 직장을 가지고 있었는지 여부
28,G181SQ009,SQ5-1. 지난주에 일을 하지 않은 이유
29,G181SQ010,SQ6. 지난주에 일을 구하려 했는지 여부
30,G181SQ011,SQ7. 지난 4주 내 일을 구하려 했는지 여부
31,G181A001,A1. 현 일자리가 시작된 날짜_년
32,G181A002,A1. 현 일자리가 시작된 날짜_월
33,G181A003,A2. 하고 있는 일의 종류_아르바이트 여부
34,G181A004_10,A3. 현 직장(일자리) 산업 대분류 CODE_10차 분류
35,G181A005_10,A3. 현 직장(일자리) 산업 중분류 CODE_10차 분류
36,G181A006_10,A3. 현 직장(일자리) 산업 소분류 CODE_10차 분류
37,G181A007A_2018,A4. 현 직장(일자리) 직업 대분류 CODE_2018분류
38,G181A007_2018,A4. 현 직장(일자리) 직업 중분류 CODE_2018분류
39,G181A008_2018,A4. 현 직장(일자리) 직업 소분류 CODE_2018분류
40,G181A009_2018,A3. 현 직장(일자리) 직업 세분류 CODE_2018분류
41,G181A010,A5. 현 직장(일자리) 기업체 종사자 수
42,G181A011,A5. 현 직장(일자리) 사업체 종사자 수
43,G181A012,A6. 현 직장(일자리) 사업체 위치(국내외구분)
44,G181A013,A6. 현 직장(일자리) 사업체 위치(국외_국가명)
45,G181A014,A6. 현 직장(일자리) 사업체 위치 시도(특별시/광역시/도) CODE
46,G181A015,A6. 현 직장(일자리) 사업체 위치 시군구(구/시/군) CODE
47,G181A016,A7. 현 직장(일자리) 교통수단_첫번째
48,G181A017,A7. 현 직장(일자리) 교통수단_두번째
49,G181A018,A7-1. 현 직장(일자리) 출근시간_시간
50,G181A019,A7-1. 현 직장(일자리) 출근시간_분
51,G181A020,A8. 현 직장(일자리) 사업체 형태
52,G181A021,A9. 현 직장(일자리) 종사상 지위
53,G181A022,A10. <임금근로자> 현 일자리에서 근로계약기간을 별도로 정했는지 여부
54,G181A023,A10-1. <임금근로자> 계약기간
55,G181A024,A10-2. <임금근로자> 계약기간의 반복이나 갱신 여부
56,G181A025,A10-3. <임금근로자> 일거리가 있을 때 며칠 혹은 몇 주씩 일하는 형태인지 여부
57,G181A026,A10-4. <임금근로자> 특별한 이유가 없는 한 계속 근로 가능 여부
58,G181A027,A10-5. <임금근로자> 계속 근로가 가능하다고 응답한 이유
59,G181A028,A10-6. <임금근로자> 계속 근로할 수 없다고 생각하는 주된 이유
60,G181A029,A10-7. <임금근로자> 현 일자리에서의 근로시간 형태
61,G181A031,A10-8. <임금근로자> 일하는 곳과 임금(급여)을 주는 곳이 같은지 여부
62,G181A032,A10-9. <임금근로자> 임금(급여) 받는 곳
63,G181A033,A10-10. <임금근로자> 특수고용형태 근로자 여부
64,G181A034,A10-11. <임금근로자> 주로 일 하는 장소
65,G181A390,A11. <임금근로자> 현재 일자리 형태 근무의 자발/비자발 여부
66,G181A391,A11-1. <임금근로자> 자발/비자발 선택의 이유
67,G181A035,A12. <임금근로자> 교대제로 일하고 있는 지 여부
68,G181A036,A12. <임금근로자> 교대제_조
69,G181A037,A12. <임금근로자> 교대제_교대
70,G181A038,"A13. <임금근로자> 현 직장(일자리)에서의 혜택 제공여부 1- 법정퇴직금, 퇴직연금"
71,G181A039,A13. <임금근로자> 현 직장(일자리)에서의 혜택 제공여부 2- 유급휴가
72,G181A043,A13. <임금근로자> 현 직장(일자리)에서의 혜택 제공여부 6- 육아휴직
73,G181A045,A13. <임금근로자> 현 직장(일자리)에서의 혜택 제공여부 8- 시간 외 수당
74,G181A046,A13. <임금근로자> 현 직장(일자리)에서의 혜택 제공여부 9- 상여금
75,G181A048,A13. <임금근로자> 현 직장(일자리)에서의 혜택 제공여부 11- 유급주휴
76,G181A392,A13. <임금근로자> 현 직장(일자리)에서의 혜택 제공여부 12- 산전후휴가
77,G181A049,"A13. <임금근로자> 현 직장(일자리)의 본인 수혜여부 1- 법정 퇴직금, 퇴직연금"
78,G181A050,A13. <임금근로자> 현 직장(일자리)의 본인 수혜여부 2- 유급휴가
79,G181A054,A13. <임금근로자> 현 직장(일자리)의 본인 수혜여부 6- 육아휴직
80,G181A056,A13. <임금근로자> 현 직장(일자리)의 본인 수혜여부 8- 시간 외 수당
81,G181A057,A13. <임금근로자> 현 직장(일자리)의 본인 수혜여부 9- 상여금
82,G181A393,A13. <임금근로자> 현 직장(일자리)에서의 혜택 제공여부 12- 산전후휴가
83,G181A059,A14. <임금근로자> 현재 일자리 정규직 여부(응답자 판단)
84,G181A060,A15. <임금근로자> <인턴경험> 현 일자리에서의 인턴 경험 여부
85,G181A061,A16. <임금근로자> <인턴경험> 인턴제 유형
86,G181A062,A17. <임금근로자> <인턴경험> 인턴에 대한 내부 평가 시스템 유무
87,G181A063,A18. <임금근로자> <인턴경험> 인턴의 정규직 채용 또는 전환 제도 유무
88,G181A064,A19. <임금근로자> <인턴경험> 인턴 계약기간이 정해져 있는지 여부
89,G181A065,A19-1. <임금근로자> <인턴경험> 현 일자리의 인턴 계약기간 종료 날짜_년
90,G181A066,A19-1. <임금근로자> <인턴경험> 현 일자리의 인턴 계약기간 종료 날짜_월
91,G181A067Z,A19-1-1. 확인문항) <임금근로자> <인턴경험> 현 일자리의 인턴계약 기간(주)
92,G181A068,A20. <임금근로자> <인턴경험> 인턴기간 중 또는 종료 후 정규직으로 채용 또는 전환 여부
93,G181A069,A20-1. <임금근로자> <인턴경험> 정규직으로 채용 또는 전환된 시기_년
94,G181A070,A20-1. <임금근로자> <인턴경험> 정규직으로 채용 또는 전환된 시기_월
95,G181A071,A20-2. <임금근로자> <인턴경험> 정규직 채용 후 업무의 변경 여부
96,G181A072A_2018,A20_3. <임금근로자> <인턴경험> 변경 전 직업(대분류)_2018분류
97,G181A072_2018,A20_3. <임금근로자> <인턴경험> 변경 전 직업(중분류)_2018분류
98,G181A073_2018,A20_3. <임금근로자> <인턴경험> 변경 전 직업(소분류)_2018분류
99,G181A074_2018,A20-3. <임금근로자> <인턴경험> 변경 전 직업(세분류)_2018분류
100,G181A086,A21. <비임금근로자> 현재 일자리의 종류
101,G181A087,A22. <비임금근로자> 현재 일자리를 시작하기 위해 소요된 비용 또는 투자액_만원
102,G181A088,"A22-1. <비임금근로자> 현 일자리 시작에 소요된 비용 조달 방법 1- 본인 또는 가족, 친지"
103,G181A089,A22-1. <비임금근로자> 현 일자리 시작에 소요된 비용 조달 방법 2- 동업자
104,G181A090,A22-1. <비임금근로자> 현 일자리 시작에 소요된 비용 조달 방법 3- 은행 등 금융기관의 융자
105,G181A091,"A22-1. <비임금근로자> 현 일자리 시작에 소요된 비용 조달 방법 4- 동업자, 친지 이외의 타인에게 빌림"
106,G181A092,A22-1. <비임금근로자> 현 일자리 시작에 소요된 비용 조달 방법 5- 대금업자(사채)
107,G181A093,A22-1. <비임금근로자> 현 일자리 시작에 소요된 비용 조달 방법 6- 정부의 보조 및 지원
108,G181A094,A22-1. <비임금근로자> 현 일자리 시작에 소요된 비용 조달 방법 7- 기타
109,G181A095,A23. <비임금근로자> 창업과정에서 겪는 어려움의 정도 1- 충분한 자금의 확보
110,G181A096,A23. <비임금근로자> 창업과정에서 겪는 어려움의 정도 2- 기술의 확보
111,G181A097,A23. <비임금근로자> 창업과정에서 겪는 어려움의 정도 3- 적당한 인력의 확보
112,G181A098,"A23. <비임금근로자> 창업과정에서 겪는 어려움의 정도 4- 행정적인 절차(인허가,창업지원)"
113,G181A099,A23. <비임금근로자> 창업과정에서 겪는 어려움의 정도 5- 업종 선정
114,G181A100,A23. <비임금근로자> 창업과정에서 겪는 어려움의 정도 6- 사업장 위치 선정
115,G181A101,A23. <비임금근로자> 창업과정에서 겪는 어려움의 정도 7- 창업관련 정보 수집
116,G181A102,A24. <비임금근로자> 현 일자리 시작에 도움이 된 정도 1- 전공지식
117,G181A103,A24. <비임금근로자> 현 일자리 시작에 도움이 된 정도 2- 이전 직장 경험
118,G181A104,A24. <비임금근로자> 현 일자리 시작에 도움이 된 정도 3- 동아리 혹은 동호회 활동 경험
119,G181A105,A24. <비임금근로자> 현 일자리 시작에 도움이 된 정도 4- 정부의 창업 지원 프로그램
120,G181A106,A24. <비임금근로자> 현 일자리 시작에 도움이 된 정도 5- 민간 창업 컨설팅
121,G181A107,A24. <비임금근로자> 현 일자리 시작에 도움이 된 정도 6- 연구기관 또는 대학 등의 창업보육과정
122,G181A108,A25. <비임금근로자> 현 일자리의 주된 근무 장소
123,G181A109,A26. <비임금근로자> 비임금 근로를 선택한 주된 이유
124,G181A110,A27. <비임금근로자> 비임금 근로자로서 가장 좋은 점
125,G181A111,A28. <비임금근로자> 비임금 근로자로서 가장 힘든 점
126,G181A114,A29. <취업자 공통> <비정규직> 정규직 임금 근로자로 취업하기를 바라는지 여부
127,G181A115,A30. <취업자 공통> <비정규직> 정규직 취업을 위한 구직활동 경험 여부
128,G181A116,A31. <취업자 공통> 현 직장(일자리) 주당 정규 근로일
129,G181A117,A31. <취업자 공통> 현 직장(일자리) 주당 정규 근로시간
130,G181A118,A31. <취업자 공통> 현 직장(일자리) 주당 초과 근로시간
131,G181A119,A31. <취업자 공통> 현 직장(일자리) 월평균 휴일 근로
132,G181A120,A32. <취업자 공통> 현 직장(일자리) 급여 형태 구분
133,G181A121,"A32. <취업자 공통> 현 직장(일자리) 급여 형태별 근로소득_만원(단, 시간급은 원)"
134,G181A122,A32. <취업자 공통> 현 직장(일자리) 월평균 근로소득_만원
135,G181A123,A32-1. <취업자 공통> 현재 일자리 초임의 급여형태
136,G181A124,"A32-1. <취업자 공통> 현재 일자리 초임의 급여형태별 근로소득_만원(단, 시간급은 원)"
137,G181A125,A32-1. <취업자 공통> 현재 일자리 초임의 월평균 근로소득_만원
138,G181A126,A33. <취업자 공통> 현 직장(일자리) 만족도 1- 임금 또는 소득
139,G181A127,A33. <취업자 공통> 현 직장(일자리) 만족도 2- 고용 안정성
140,G181A128,A33. <취업자 공통> 현 직장(일자리) 만족도 3- 하고 있는 일의 내용(직무내용)
141,G181A129,"A33. <취업자 공통> 현 직장(일자리) 만족도 4- 근무 환경(시설, 안전, 위생상태 등)"
142,G181A130,"A33. <취업자 공통> 현 직장(일자리) 만족도 5- 일하는 시간(근로 시간, 근무 일수)"
143,G181A131,A33. <취업자 공통> 현 직장(일자리) 만족도 6- 개인의 발전 가능성
144,G181A132,A33. <취업자 공통> 현 직장(일자리) 만족도 7- 인간관계
145,G181A133,A33. <취업자 공통> 현 직장(일자리) 만족도 8- 복리 후생 제도(사회 보험 및 부가급부)
146,G181A134,A33. <취업자 공통> 현 직장(일자리) 만족도 9- 인사체계(승진 제도)
147,G181A135,A33. <취업자 공통> 현 직장(일자리) 만족도 10- 하고 있는 일에 대한 사회적 평판
148,G181A136,A33. <취업자 공통> 현 직장(일자리) 만족도 11- 하고 있는 일의 자율성과 권한
149,G181A137,A33. <취업자 공통> 현 직장(일자리) 만족도 12- 일자리에 대한 사회적 평판
150,G181A138,"A33. <취업자 공통> 현 직장(일자리) 만족도 13- 하는 일과 자신의 적성, 흥미의 일치"
151,G181A139,A33. <취업자 공통> 현 직장(일자리) 만족도 14- 직무관련 교육 또는 훈련
152,G181A140,A33-1. <취업자 공통> 현 직장(일자리)에 대한 전반적인 만족도
153,G181A141,A33-2. <취업자 공통> 주된 일(업무)에 대한 전반적인 만족도
154,G181A142,A34. <취업자 공통> 현 직장(일자리) 교육 수준 - 일 수준 일치 정도
155,G181A143,A35. <취업자 공통> 현 직장(일자리) 일의 기술(기능) 수준 - 본인의 기술(기능) 수준 일치 정도
156,G181A144,A35. <취업자 공통> 현 직장(일자리) 일의 내용 - 자신의 (편)입학 시 전공(주전공) 일치 정도
157,G181A145,A36-1. <취업자 공통> 현 직장(일자리) 일의 내용 - 복수전공 일치 정도
158,G181A146,A37. <취업자 공통> 대학 전공 지식의 업무 도움 정도
159,G181A147,A37-1. <취업자 공통> 대학의 전공 지식이 업무에 도움이 되지 않는 이유
160,G181A149,A38. <취업자 공통> 대학에서 배웠으면 업무에 도움이 되었을 거라고 생각하는 것 1순위
161,G181A150,A38. <취업자 공통> 대학에서 배웠으면 업무에 도움이 되었을 거라고 생각하는 것 2순위
162,G181A151,A39. <취업자 공통> 업무에서 요구되는 외국어 능력의 필요 정도
163,G181A153,A40. <취업자 공통> 업무 상 요구되는 자격증이 있는 지 여부
164,G181A155,A40. <취업자 공통> 업무 상 요구되는 자격증 CODE
165,G181A156,A40-1. <취업자 공통> 위에서 응답한(업무 상 요구되는) 자격증을 본인이 가지고 있는 지 여부
166,G181A158,A41. <취업자 공통> 현 직장(일자리) 직장 내 가입여부 1b- 국민연금
167,G181A159,A41. <취업자 공통> 현 직장(일자리) 직장 내 가입여부 2- 특수 직역 연금
168,G181A160,A41. <취업자 공통> 현 직장(일자리) 직장 내 가입여부 3- 건강 보험
169,G181A161,A41. <취업자 공통> 현 직장(일자리)직장 내 가입여부 4- 고용보험
170,G181A162,A41. <취업자 공통> 현 직장(일자리)직장 내 가입여부 5- 산재 보험
171,G181A164,A41. <취업자 공통> 현 직장(일자리) 지역 가입여부 1b- 국민연금
172,G181A165,A41. <취업자 공통> 현 직장(일자리)지역 가입여부 2- 건강 보험
173,G181A166,A42. <취업자 공통> 현 직장(일자리) 노동조합의 직장 내 유무 여부
174,G181A167,A42. <취업자 공통> 현 직장(일자리) 노동조합 내 본인 가입 여부
175,G181A168,A42-1. <취업자 공통> 현 직장 이외의 노동 조합에 가입했는지 여부
176,G181A188,A43. <취업자 공통> 현 일자리를 얻기 위해 구직활동을 경험했는지 여부
177,G181A189,A43-1. <취업자 공통> 현 일자리를 얻기 위해 구직활동을 경험한 실제기간_개월
178,G181A190,A43-1. <취업자 공통> 현 일자리를 얻기 위해 구직활동을 경험한 실제기간_주
179,G181A192,A44. <취업자 공통> 현재 일자리에 들어가게 된 주된 경로
180,G181A193,A45. <취업자 공통> 현재 일자리에 대한 정보를 얻은 주된 방법
181,G181A242,A46. <취업자 공통> 현재 일자리에 입사 시 신입채용 지원 여부
182,G181A281,A47. <취업자 공통> 현재 일자리에 취업 시 중요 요소_1순위
183,G181A282,A47. <취업자 공통> 현재 일자리에 취업 시 중요 요소_2순위
184,G181A283,A48. <취업자 공통> 현재 일자리 적응 시 어려움이 있었는지 여부
185,G181A284,A49. <취업자 공통> 현재 일자리 적응 시 가장 어려웠던 점
186,G181A285,A50. <취업자 공통> 현 일자리에 일하는 동안에 다른 일자리 제의를 받았던 경험 여부
187,G181A286,"A51. <취업자 공통> 다른 일자리 제의를 받은 적이 있다면, 제의를 받은 횟수"
188,G181A297,A52. <취업자 공통> <이직 준비 관련> 이직준비를 하고 있는 지 여부
189,G181A298,A53. <취업자 공통> <이직 준비 관련> 이직 하려는 이유 1순위
190,G181A299,A53. <취업자 공통> <이직 준비 관련> 이직 하려는 이유 2순위
191,G181A300,A54. <취업자 공통> <이직 준비 관련> 이직 활동 기간_개월
192,G181A301,A54. <취업자 공통> <이직 준비 관련> 이직 활동 기간_주
193,G181A303,A55. <취업자 공통> <이직 준비 관련> 이직을 희망하는 사업체 유형
194,G181A304,A56. <취업자 공통> <이직 준비 관련> 이직 희망 사업체 규모
195,G181A305,A57. <취업자 공통> <이직 준비 관련> 이직 시 희망하는 직업
196,G181A306,A58. <취업자 공통> <이직 준비 관련> 일자리 정보를 얻은 방법_1순위
197,G181A307,A58. <취업자 공통> <이직 준비 관련> 일자리 정보를 얻은 방법_2순위
198,G181A308,A59. <취업자 공통> <이직 준비 관련> 이직 시 희망하는 일자리의 종사상 지위
199,G181A309,A60. <취업자 공통> <이직 준비 관련> 희망하는 근로시간 형태
200,G181A310,A60. <취업자 공통> <이직 준비 관련> 시간제 근로 희망 시_주당 희망 근로 일수_일
201,G181A311,A60. <취업자 공통> <이직 준비 관련> 시간제 근로 희망 시_일당 희망 근로 일수_시간
202,G181A312,A61. <취업자 공통> <이직 준비 관련> 시간제 근로를 희망하는 주된 이유
203,G181A314,A62. <취업자 공통> <이직 준비 관련> 이직 활동 기간 중 일자리에 지원한 횟수_회
204,G181A315,A62-1. <취업자 공통> <이직 준비 관련> 면접을 본 횟수_회
205,G181A316,A62-2. <취업자 공통> <이직 준비 관련>  합격하여 제의를 받은 횟수_회
206,G181A317,A62-3. <취업자 공통> <이직 준비 관련> 일자리 제의를 거절한 경험의 유무
207,G181A318,"A62-4. <취업자 공통> <이직 준비 관련> 일자리 제의를 거절한 경우, 그 이유"
208,G181A319,"A63. <취업자 공통> <이직 준비 관련> 비임금근로를 희망하는 경우, 그 주된 이유"
209,G181A322,A64. <취업자 공통> <이직 준비 관련> 향후 희망 일자리에서 수용가능한 최소 임금_연봉_만원
210,G181A339,A65. <취업자 공통> <이직 준비 관련> 일자리 선택시 중요 고려 항목_1순위
211,G181A340,A65. <취업자 공통> <이직 준비 관련> 일자리 선택시 중요 고려 항목_2순위
212,G181A341,A66. <취업자 공통> <이직 준비 관련> 이직을 위한 노력 1-  외국어 회화 학원 수강
213,G181A342,"A66. <취업자 공통> <이직 준비 관련> 이직을 위한 노력 2- 토익, 토플 등 외국어 시험"
214,G181A343,A66. <취업자 공통> <이직 준비 관련> 이직을 위한 노력 3- 면접 훈련 교육
215,G181A344,"A66. <취업자 공통> <이직 준비 관련> 이직을 위한 노력 4- IT, 컴퓨터 관련 교육"
216,G181A345,A66. <취업자 공통> <이직 준비 관련> 이직을 위한 노력 5- 공공취업알선기관 구직 등록 또는 상담
217,G181A346,A66. <취업자 공통> <이직 준비 관련> 이직을 위한 노력 6- 취업 박람회 참여
218,G181A347,A66. <취업자 공통> <이직 준비 관련> 이직을 위한 노력 7- 구직정보를 민간취업알선 인터넷사이트에 등록
219,G181A348,"A66. <취업자 공통> <이직 준비 관련> 이직을 위한 노력 8- 친인척, 친구, 교수 등에게 취업 부탁"
220,G181A349,A66. <취업자 공통> <이직 준비 관련> 이직을 위한 노력 9- 자격증 취득
221,G181A350,A66. <취업자 공통> <이직 준비 관련> 이직을 위한 노력 10- 외모 관리
222,G181A351,A66. <취업자 공통> <이직 준비 관련> 이직을 위한 노력 11- 헤드헌터(서치 컨설턴트)와 상담
223,G181A352,"A66. <취업자 공통> <이직 준비 관련> 이직을 위한 노력 12- 점포물색, 인허가 취득준비 등 창업준비"
224,G181A353,A66. <취업자 공통> <이직 준비 관련> 이직을 위한 노력 13- 기타
225,G181A354,A67. <취업자공통> <이직 준비 관련> 구직과정에서의 어려운점_1순위
226,G181A355,A67. <취업자공통> <이직 준비 관련> 구직과정에서의 어려운점_2순위
227,G181A356,A68. <동시일자리> 주된 일자리 외 다른 일을 하고 있는 지 여부
228,G181A357,A68-1. <동시일자리> 주된 일자리 외 하고 있는 일의 개수
229,G181A359A_2018,A69. <동시일자리> 동시일자리 직업 대분류 CODE_1_2018분류
230,G181A359_2018,A69. <동시일자리> 동시일자리 직업 중분류 CODE_1_2018분류
231,G181A360_2018,A69. <동시일자리> 동시일자리 직업 소분류 CODE_1_2018분류
232,G181A361,A70. <동시일자리> 동시일자리 시작한 시기_년_1
233,G181A362,A70. <동시일자리> 동시일자리 시작한 시기_월_1
234,G181A363,A71. <동시일자리> 주된 일자리와 동시일자리의 업무내용 일치도_1
235,G181A364,A72. <동시일자리> 동시일자리 종사상 지위_1
236,G181A365,A73. <동시일자리> 동시일자리 주당 근무 시간_1
237,G181A366,A74. <동시일자리> 동시일자리 월평균 소득_만원_1
238,G181A367,A75. <동시일자리> 동시일자리 일하는 이유_1
239,G181A369A_2018,A69. <동시일자리> 동시일자리 직업 대분류 CODE_2_2018분류
240,G181A369_2018,A69. <동시일자리> 동시일자리 직업 중분류 CODE_2_2018분류
241,G181A370_2018,A69. <동시일자리> 동시일자리 직업 소분류 CODE_2_2018분류
242,G181A371,A70. <동시일자리> 동시일자리 시작한 시기_년_2
243,G181A372,A70. <동시일자리> 동시일자리 시작한 시기_월_2
244,G181A373,A71. <동시일자리> 주된 일자리와의 업무내용 일치도_2
245,G181A374,A72. <동시일자리> 동시일자리 종사상 지위_2
246,G181A375,A73. <동시일자리> 동시일자리 주당 근무 시간_2
247,G181A376,A74. <동시일자리> 동시일자리 월평균 소득_만원_2
248,G181A377,A75. <동시일자리> 동시일자리 일하는 이유_2
249,G181A379A_2018,A69. <동시일자리> 동시일자리 직업 대분류 CODE_3_2018분류
250,G181A379_2018,A69. <동시일자리> 동시일자리 직업 중분류 CODE_3_2018분류
251,G181A380_2018,A69. <동시일자리> 동시일자리 직업 소분류 CODE_3_2018분류
252,G181A381,A70. <동시일자리> 동시일자리 시작한 시기_년_3
253,G181A382,A70. <동시일자리> 동시일자리 시작한 시기_월_3
254,G181A383,A71. <동시일자리> 주된 일자리와의 업무내용 일치도_3
255,G181A384,A72. <동시일자리> 동시일자리 종사상 지위_3
256,G181A385,A73. <동시일자리> 동시일자리 주당 근무 시간_3
257,G181A386,A74. <동시일자리> 동시일자리 월평균 소득_만원_3
258,G181A387,A75. <동시일자리> 동시일자리일하는 이유_3
259,G181A388,A76. 현재 주된 일자리가 대학 졸업 후 첫 번째 직장인지 여부
260,G181A389,A76-1. 주된 일자리가 졸업 후 몇 번째 직장인가_n번째
261,G181B001,B1. 지난 주에 직장(일자리)이 있었다면 일할 수 있었는지 여부
262,G181B002,"B2. 일자리를 구해보았으나, 지난 주에 직장(일자리)이 있더라도 일을 할 수 없었던 주된 이유"
263,G181B008,B3. 구직활동 기간_월
264,G181B009,B3. 구직활동 기간_주
265,G181B011,B4. 일자리 정보를 얻은 방법_1순위
266,G181B012,B4. 일자리 정보를 얻은 방법_2순위
267,G181B013,B5. 취업 희망 사업체 유형
268,G181B014,B6. 취업 희망 사업체 규모
269,G181B015,B7. 취업 희망 직업
270,G181B016,B8. 희망하는 일자리의 종사상 지위
271,G181B017,B9. 희망하는 근로 시간 형태
272,G181B018,B9. 주당 희망 근로 일수
273,G181B019,B9. 일당 희망 근로 시간
274,G181B020,B10. 시간제 근로를 희망하는 주된 이유
275,G181B022,B11. 일자리에 지원한 횟수
276,G181B023,B11-1. 면접을 본 횟수
277,G181B025,B11-2. 합격하여 제의를 받은 횟수
278,G181B026,B11-3. 거절한 경험 유무
279,G181B027,B11-4. 거절한 이유
280,G181B028,B12. 비임금 근로를 희망하는 주된 이유
281,G181B029,B13. 정규직 임금 근로자로 취업하기를 바라는지 여부
282,G181B030,B14. 정규직 취업을 위한 구직활동 경험 여부
283,G181B033,B15. 희망하는 일자리에서 최소 소득_연봉
284,G181B034,B16. 취업(또는 이직)을 위한 노력 1- 외국어 회화 학원 수강
285,G181B035,"B16. 취업(또는 이직)을 위한 노력 2- 토익, 토플 등 외국어 시험"
286,G181B036,B16. 취업(또는 이직)을 위한 노력 3- 면접 훈련 교육
287,G181B037,"B16. 취업(또는 이직)을 위한 노력 4- IT, 컴퓨터 관련 교육"
288,G181B038,B16. 취업(또는 이직)을 위한 노력 5- 공공 취업 알선 기관 구직 등록 또는 상담원
289,G181B039,B16. 취업(또는 이직)을 위한 노력 6- 취업 박람회 참여
290,G181B040,B16. 취업(또는 이직)을 위한 노력 7- 구직 정보를 민간 취업 알선 인터넷 사이트에
291,G181B041,"B16. 취업(또는 이직)을 위한 노력 8- 친인척, 친구, 교수 등에게 취업 부탁"
292,G181B042,B16. 취업(또는 이직)을 위한 노력 9- 자격증 취득
293,G181B043,B16. 취업(또는 이직)을 위한 노력 10- 현장 실습 및 인턴쉽
294,G181B045,B16. 취업(또는 이직)을 위한 노력 11- 외모관리
295,G181B046,"B16. 취업(또는 이직)을 위한 노력 12- 점포물색, 인허가 취득 준비 등 창업 준비"
296,G181B047,B16. 취업(또는 이직)을 위한 노력 13- 기타
297,G181B064,B17. 일자리 선택 중요한 점_1순위
298,G181B065,B17. 일자리 선택 중요한 점_2순위
299,G181B066,B18. 구직 과정에서 어려운 점_1순위
300,G181B067,B18. 구직 과정에서 어려운 점_2순위
301,G181B068,B19. 현재 경제적인 문제 해결 방법
302,G181C001,C1. 지난주에 일자리를 원했는지 여부
303,G181C002,C1-1. 일자리가 있었다면 일할 수 있었는지 여부
304,G181C003,C1-2. 지난 4주간 일자리를 구하지 않은 주된 이유
305,G181C004,C2. 졸업 이후 구직활동 경험 여부
306,G181C005,C2-1. 가장 최근 구직활동을 시작한 시기_년
307,G181C006,C2-1. 가장 최근 구직활동을 시작한 시기_월
308,G181C007,C2-1. 가장 최근 구직활동을 마친 시기_년
309,G181C008,C2-1. 가장 최근 구직활동을 마친 시기_월
310,G181C009,C3. 향후 1년 내에 일자리를 가질 의향
311,G181C010,C4. 일자리가 있다면 일할 의사
312,G181C011,C4-1. 향후 일이 주어져도 하지 않겠다는 이유
313,G181C013,C5. 희망 종사상 지위
314,G181C014,C6. 희망 근로시간 형태
315,G181C015,C7. 희망 사업체 유형
316,G181C016,C8. 희망 사업체 규모
317,G181C017,C9. 희망 직업
318,G181C020,C10. 희망하는 일자리에서 최소 소득_연봉
319,G181C021,C11. 경제적 문제 해결 방법
320,G181D001,D1. 대학 졸업 후 일자리를 가진 경험의 유무
321,G181D002,D2. 첫 일자리 시작 시기_년
322,G181D003,D2. 첫 일자리 시작 시기_월
323,G181D004,D2. 첫 일자리 그만둔 시기_년
324,G181D005,D2. 첫 일자리 그만둔 시기_월
325,G181D006,D3. 아르바이트였는지 여부
326,G181D007_10,D4. 첫직장 산업 대분류 CODE_10차 분류
327,G181D008_10,D4. 첫직장 산업 중분류 CODE_10차 분류
328,G181D009_10,D4. 첫직장 산업 소분류 CODE_10차 분류
329,G181D010A_2018,D5. 첫직장 직업 대분류_2018분류
330,G181D010_2018,D5. 첫직장 직업 중분류_2018분류
331,G181D011_2018,D5. 첫직장 직업 소분류_2018분류
332,G181D012_2018,D5. 첫직장 직업 세분류_2018분류
333,G181D016,D6. 첫직장 기업체 종사자 수
334,G181D017,D6. 첫직장 사업체 종사자 수
335,G181D018,D7. 첫직장 사업체위치(국내외구분)
336,G181D019,D7. 첫직장 사업체 위치(국가명)
337,G181D020,D7. 첫직장 사업체 위치 시도(특별시/광역시/도) CODE
338,G181D021,D7. 첫직장 사업체 위치 시군구(구/시/군) CODE
339,G181D022,D8. 첫직장 사업체 유형
340,G181D023,D9. 첫직장 종사상 지위
341,G181D026,D10. <임금근로자> 첫 일자리에서 근로계약기간을 별도로 정했는지 여부
342,G181D027,D10-1. <임금근로자> 계약기간
343,G181D028,D10-2. <임금근로자> 계약기간의 반복이나 갱신 여부
344,G181D029,D10-3. <임금근로자> 일거리가 있을 때 며칠 혹은 몇 주씩 일하는 형태인지 여부
345,G181D030,D10-4. <임금근로자> 특별한 이유가 없는 한 계속 근로 가능 여부
346,G181D031,D10-5. <임금근로자> 계속 근로가 가능하다고 응답한 이유
347,G181D032,D10-6. <임금근로자> 계속 근로할 수 없다고 생각하는 주된 이유
348,G181D033,D10-7. <임금근로자> 현 일자리에서의 근로시간 형태
349,G181D034,D10-8. <임금근로자> 일하는 곳과 임금(급여)을 주는 곳이 같은지 여부
350,G181D035,D10-9. <임금 근로자> 임금(급여) 받는 곳
351,G181D036,D10-10. <임금근로자> 특수고용형태 근로자 여부
352,G181D037,D10-11. <임금근로자> 주로 일 하는 장소_가내 근로 여부
353,G181D038,D11. <임금근로자> 교대제로 일하고 있는 지 여부
354,G181D039,D11. <임금근로자> 교대제_조
355,G181D040,D11. <임금근로자> 교대제_교대
356,G181D041,D12. <임금근로자> 첫 직장(일자리)에서의 혜택 제공여부 1- 법정퇴직금/퇴직연금
357,G181D042,D12. <임금근로자> 첫 직장(일자리)에서의 혜택 제공여부 2- 유급휴가
358,G181D046,D12. <임금근로자> 첫 직장(일자리)에서의 혜택 제공여부 6- 육아휴직
359,G181D048,D12. <임금근로자> 첫 직장(일자리)에서의 혜택 제공여부 8- 시간외수당
360,G181D049,D12. <임금근로자> 첫 직장(일자리)에서의 혜택 제공여부 9- 상여금
361,G181D051,D12. <임금근로자> 첫 직장(일자리)에서의 혜택 제공여부 11- 유급주휴
362,G181D254,D12. <임금근로자> 첫 직장(일자리)에서의 혜택 제공여부 12- 산전후휴가
363,G181D052,D12. <임금근로자> 첫 직장(일자리)에서의 본인 수혜여부 1- 법정퇴직금/퇴직연금
364,G181D053,D12. <임금근로자> 첫 직장(일자리)에서의 본인 수혜여부 2- 유급휴가
365,G181D057,D12. <임금근로자> 첫 직장(일자리)에서의 본인 수혜여부 6- 육아휴직
366,G181D059,D12. <임금근로자> 첫 직장(일자리)에서의 본인 수혜여부 8- 시간외수당
367,G181D060,D12. <임금근로자> 첫 직장(일자리)에서의 본인 수혜여부 9- 상여금
368,G181D255,D12. <임금근로자> 첫 직장(일자리)에서의 본인 수혜여부 12- 산전후휴가
369,G181D062,D13. <임금근로자> 첫 일자리 종료 당시 정규직이었는지 여부
370,G181D063,D14. <임금근로자> <인턴경험> 첫 일자리에서의 인턴 경험 여부
371,G181D064,D15. <임금근로자> <인턴경험> 인턴제 유형
372,G181D065,D16. <임금근로자> <인턴경험> 인턴에 대한 내부 평가 시스템 유무
373,G181D066,D17. <임금근로자> <인턴경험> 인턴의 정규직 채용 또는 전환 제도 유무
374,G181D067,D18. <임금근로자> <인턴경험> 인턴 계약기간이 정해져 있는지 여부
375,G181D068,D18-1. <임금근로자> <인턴경험> 현 일자리의 인턴 계약기간 종료 날짜_년
376,G181D069,D18-1. <임금근로자> <인턴경험> 현 일자리의 인턴 계약기간 종료 날짜_월
377,G181D070Z,D18-1-1. 확인문항D18) (첫 일자리) 인턴 계약 기간_주
378,G181D071,D19. <임금근로자> <인턴경험> 인턴기간 중 또는 종료 후 정규직으로 채용 또는 전환 여부
379,G181D072,D19-1. <임금근로자> <인턴경험> 정규직으로 채용 또는 전환된 시기_년
380,G181D073,D19-1. <임금근로자> <인턴경험> 정규직으로 채용 또는 전환된 시기_월
381,G181D074,D19-2. <임금근로자> <인턴경험> 정규직 채용 후 업무의 변경 여부
382,G181D075A_2018,D19_3. <임금근로자> <인턴경험> 변경 전 직업(대분류)_2018분류
383,G181D075_2018,D19_3. <임금근로자> <인턴경험> 변경 전 직업(중분류)_2018분류
384,G181D076_2018,D19_3. <임금근로자> <인턴경험> 변경 전 직업(소분류)_2018분류
385,G181D077_2018,D19-3. <임금근로자> <인턴경험> 변경 전 직업(세분류)_2018분류
386,G181D078,D20. <임금근로자> <인턴경험> 첫 일자리에서의 인턴제 경험의 취업 도움 여부
387,G181D079,D20-1. <임금근로자> <인턴경험> 첫 일자리에서의 인턴제 경험의 취업 도움되지 않는 이유
388,G181D080,D21. <비임금근로자> 첫 일자리의 종류
389,G181D081,D22. <비임금근로자> 첫 일자리를 시작하기 위해 소요된 비용 또는 투자액_만원
390,G181D082,"D22-1. <비임금근로자> 첫 일자리 시작에 소요된 비용 조달 방법 1- 본인 또는 가족, 친지"
391,G181D083,D22-1. <비임금근로자> 첫 일자리 시작에 소요된 비용 조달 방법 2- 동업자
392,G181D084,D22-1. <비임금근로자> 첫 일자리 시작에 소요된 비용 조달 방법 3- 은행 등 금융기관의 융자
393,G181D085,"D22-1. <비임금근로자> 첫 일자리 시작에 소요된 비용 조달 방법 4- 동업자, 친지 이외의 타인에게 빌림"
394,G181D086,D22-1. <비임금근로자> 첫 일자리 시작에 소요된 비용 조달 방법 5- 대금업자(사채)
395,G181D087,D22-1. <비임금근로자> 첫 일자리 시작에 소요된 비용 조달 방법 6- 정부의 보조 및 지원
396,G181D088,D22-1. <비임금근로자> 첫 일자리 시작에 소요된 비용 조달 방법 7- 기타
397,G181D089,D23. <비임금근로자> 창업과정에서 겪는 어려움의 정도 1- 충분한 자금의 확보
398,G181D090,D23. <비임금근로자> 창업과정에서 겪는 어려움의 정도 2- 기술의 확보
399,G181D091,D23. <비임금근로자> 창업과정에서 겪는 어려움의 정도 3- 적당한 인력의 확보
400,G181D092,"D23. <비임금근로자> 창업과정에서 겪는 어려움의 정도 4- 행정적인 절차(인허가,창업지원)"
401,G181D093,D23. <비임금근로자> 창업과정에서 겪는 어려움의 정도 5- 업종 선정
402,G181D094,D23. <비임금근로자> 창업과정에서 겪는 어려움의 정도 6- 사업장 위치 선정
403,G181D095,D23. <비임금근로자> 창업과정에서 겪는 어려움의 정도 7- 창업관련 정보 수집
404,G181D096,D24. <비임금근로자> 현 일자리 시작에 도움이 된 정도 1- 전공지식
405,G181D097,D24. <비임금근로자> 현 일자리 시작에 도움이 된 정도 2- 이전 직장 경험
406,G181D098,D24. <비임금근로자> 현 일자리 시작에 도움이 된 정도 3- 동아리 혹은 동호회 활동 경험
407,G181D099,D24. <비임금근로자> 현 일자리 시작에 도움이 된 정도 4- 정부의 창업 지원 프로그램
408,G181D100,D24. <비임금근로자> 현 일자리 시작에 도움이 된 정도 5- 민간 창업 컨설팅
409,G181D101,D24. <비임금근로자> 현 일자리 시작에 도움이 된 정도 6- 연구기관 또는 대학 등의 창업보육과정
410,G181D102,D25. <비임금근로자> 첫 일자리의 주된 근무 장소
411,G181D103,D26. <비임금근로자> 비임금 근로를 선택한 주된 이유
412,G181D104,D27. <비임금근로자> 비임금 근로자로서 가장 좋은 점
413,G181D105,D28. <비임금근로자> 비임금 근로자로서 가장 힘든 점
414,G181D106,D29. <취업자 공통> 첫 직장(일자리) 주당 정규 근로일
415,G181D107,D29. <취업자 공통> 첫 직장(일자리) 주당 정규 근로시간
416,G181D108,D29. <취업자 공통> 첫 직장(일자리) 주당 초과 근로시간
417,G181D109,D29. <취업자 공통> 첫 직장(일자리) 월평균 휴일 근로
418,G181D110,D30. <취업자 공통> 첫 직장(일자리) 급여 형태 구분
419,G181D111,"D30. <취업자 공통> 첫 직장(일자리) 급여 형태별 근로소득_만원(단, 시간급은 원)"
420,G181D112,D30. <취업자 공통> 첫 직장(일자리) 월평균 근로소득_만원
421,G181D113,D30-1. <취업자 공통> 첫 일자리 초임의 급여형태
422,G181D114,"D30-1. <취업자 공통> 첫 일자리 초임의 급여형태별 근로소득_만원(단, 시간급은 원)"
423,G181D115,D30-1. <취업자 공통> 첫 일자리 초임의 월평균 근로소득_만원
424,G181D116,D31. <취업자 공통> 첫 직장(일자리) 만족도 1- 임금 또는 소득
425,G181D117,D31. <취업자 공통> 첫 직장(일자리) 만족도 2- 고용 안정성
426,G181D118,D31. <취업자 공통> 첫 직장(일자리) 만족도 3- 하고 있는 일의 내용(직무내용)
427,G181D119,"D31. <취업자 공통> 첫 직장(일자리) 만족도 4- 근무 환경(시설, 안전, 위생상태 등)"
428,G181D120,"D31. <취업자 공통> 첫 직장(일자리) 만족도 5- 일하는 시간(근로 시간, 근무 일수)"
429,G181D121,D31. <취업자 공통> 첫 직장(일자리) 만족도 6- 개인의 발전 가능성
430,G181D122,D31. <취업자 공통> 첫 직장(일자리) 만족도 7- 인간관계
431,G181D123,D31. <취업자 공통> 첫 직장(일자리) 만족도 8- 복리 후생 제도(사회 보험 및 부가급부)
432,G181D124,D31. <취업자 공통> 첫 직장(일자리) 만족도 9- 인사체계(승진 제도)
433,G181D125,D31. <취업자 공통> 첫 직장(일자리) 만족도 10- 하고 있는 일에 대한 사회적 평판
434,G181D126,D31. <취업자 공통> 첫 직장(일자리) 만족도 11- 하고 있는 일의 자율성과 권한
435,G181D127,D31. <취업자 공통> 첫 직장(일자리) 만족도 12- 일자리에 대한 사회적 평판
436,G181D128,"D31. <취업자 공통> 첫 직장(일자리) 만족도 13- 하는 일과 자신의 적성, 흥미의 일치"
437,G181D129,D31. <취업자 공통> 첫 직장(일자리) 만족도 14- 직무관련 교육 또는 훈련
438,G181D130,D31-1. <취업자 공통> 첫 직장(일자리)에 대한 전반적인 만족도
439,G181D131,D31-2. <취업자 공통> 주된 일(업무)에 대한 전반적인 만족도
440,G181D132,D32. <취업자 공통> 첫 직장(일자리) 교육 수준 - 일 수준 일치 정도
441,G181D133,D33. <취업자 공통> 첫 직장(일자리) 일의 기술(기능) 수준 - 본인의 기술(기능) 수준 일치 정도
442,G181D134,D34. <취업자 공통> 첫 직장(일자리) 일의 내용 - 자신의 (편)입학 시 전공(주전공) 일치 정도
443,G181D135,D34-1. <취업자 공통> 첫 직장(일자리) 일의 내용 - 복수전공 일치 정도
444,G181D136,D35. <취업자 공통> 대학 전공 지식의 업무 도움 정도
445,G181D137,D35-1. <취업자 공통> 대학의 전공 지식이 업무에 도움이 되지 않는 이유
446,G181D139,D36. <취업자 공통> 대학에서 배웠으면 업무에 도움이 되었을 거라고 생각하는 것 1순위
447,G181D140,D36. <취업자 공통> 대학에서 배웠으면 업무에 도움이 되었을 거라고 생각하는 것 2순위
448,G181D144,D37. <취업자 공통> 첫 직장(일자리) 직장 내 가입여부 1b- 국민연금
449,G181D145,D37. <취업자 공통> 첫 직장(일자리) 직장 내 가입여부 2- 특수 직역 연금
450,G181D146,D37. <취업자 공통> 첫 직장(일자리) 직장 내 가입여부 3- 건강 보험
451,G181D147,D37. <취업자 공통> 첫 직장(일자리)직장 내 가입여부 4- 고용보험
452,G181D148,D37. <취업자 공통> 첫 직장(일자리)직장 내 가입여부 5- 산재 보험
453,G181D150,D37. <취업자 공통> 첫 직장(일자리) 지역 가입여부 1b- 국민연금
454,G181D151,D37. <취업자 공통> 첫 직장(일자리)지역 가입여부 2- 건강 보험
455,G181D152,D38. <취업자 공통> 첫 직장(일자리) 노동조합의 직장 내 유무 여부
456,G181D153,D38. <취업자 공통> 첫 직장(일자리) 노동조합 내 본인 가입 여부
457,G181D154,D38. <취업자 공통> 직장 이외의 노동 조합에 가입했는지 여부
458,G181D155,D39. <취업자 공통> 첫 일자리를 얻기 위해 구직활동을 경험했는지 여부
459,G181D159,D40. <취업자 공통> 첫 일자리에 들어가게 된 주된 경로
460,G181D160,D41. <취업자 공통> 첫 일자리에 대한 정보를 얻은 주된 방법
461,G181D232,D42. <취업자 공통> 첫 일자리에 취업 시 중요 요소_1순위
462,G181D233,D42. <취업자 공통> 첫 일자리에 취업 시 중요 요소_2순위
463,G181D245,D43. <취업자 공통> 첫 일자리에 일하는 동안에 다른 일자리 제의를 받았던 경험 여부
464,G181D246,"D43-1. <취업자 공통> 다른 일자리 제의를 받은 적이 있다면, 제의를 받은 횟수"
465,G181D247,D44. <취업자 공통> 첫 일자리 적응 시 어려움이 있었는지 여부
466,G181D248,D44-1. <취업자 공통> 첫 일자리 적응 시 가장 어려웠던 점
467,G181D249,D45. <취업자 공통> 첫 직장(일자리)를 그만둔 가장 주된 이유
468,G181E001,E1. 현재 일자리와 첫 일자리를 제외하고 다른 일자리를 다닌 경험 유무
469,G181E002,E1-1. 현재 일자리와 첫 일자리를 제외하고 일했던 일자리의 총 개수
470,G181E003,E2. 경험일자리1 시작한 시기_년
471,G181E004,E2. 경험일자리1 시작한 시기_월
472,G181E005,E2. 경험일자리1 그만둔 시기_년
473,G181E006,E2. 경험일자리1 그만둔 시기_월
474,G181E007,E3. 경험일자리1 아르바이트였는지 여부
475,G181E008_10,E4. 경험일자리1 산업 대분류 CODE_10차 분류
476,G181E009_10,E4. 경험일자리1 산업 중분류 CODE_10차 분류
477,G181E010_10,E4. 경험일자리1 산업 소분류 CODE_10차 분류
478,G181E011A_2018,E5. 경험일자리1 직업 대분류_2018분류
479,G181E011_2018,E5. 경험일자리1 직업 중분류_2018분류
480,G181E012_2018,E5. 경험일자리1 직업 소분류_2018분류
481,G181E013_2018,E5. 경험일자리1 직업 세분류_2018분류
482,G181E014,E6. 경험일자리1 기업체 종사자 수
483,G181E015,E6. 경험일자리1 사업체 종사자 수
484,G181E016,E7. 경험일자리1 사업체위치(국내외구분)
485,G181E017,E7. 경험일자리1 사업체 위치(국가명)
486,G181E018,E7. 경험일자리1 사업체 위치 시도(특별시/광역시/도) CODE
487,G181E019,E7. 경험일자리1 사업체 위치 시군구(구/시/군) CODE
488,G181E020,E8. 경험일자리1 사업체 유형
489,G181E021,E9. 경험일자리1 종사상 지위
490,G181E022,E10. <임금근로자> 근로계약기간을 별도로 정했는지 여부
491,G181E023,E10-1. <임금근로자> 계약기간
492,G181E024,E10-2. <임금근로자> 계약기간의 반복이나 갱신 여부
493,G181E025,E10-3. <임금근로자> 일거리가 있을 때 며칠 혹은 몇 주씩 일하는 형태인지 여부
494,G181E026,E10-4. <임금근로자> 특별한 이유가 없는 한 계속 근로 가능 여부
495,G181E027,E10-5. <임금근로자> 계속 근로가 가능하다고 응답한 이유
496,G181E028,E10-6. <임금근로자> 계속 근로할 수 없다고 생각하는 주된 이유
497,G181E029,E10-7. <임금근로자> 근로시간 형태
498,G181E030,E10-8. <임금근로자> 일하는 곳과 임금(급여)을 주는 곳이 같은지 여부
499,G181E031,E10-9. <임금근로자> 임금(급여) 받는 곳
500,G181E032,E10-10. <임금근로자> 특수고용형태 근로자 여부
501,G181E033,E10-11. <임금근로자> 주로 일 하는 장소
502,G181E042,E11. <임금근로자> 경험일자리1 정규직 여부(응답자 판단)
503,G181E043,E12. <임금근로자> <인턴경험> 인턴 경험 여부
504,G181E044,E13. <임금근로자> <인턴경험> 인턴제 유형
505,G181E045,E14. <임금근로자> <인턴경험> 인턴에 대한 내부 평가 시스템 유무
506,G181E046,E15. <임금근로자> <인턴경험> 인턴의 정규직 채용 또는 전환 제도 유무
507,G181E047,E16. <임금근로자> <인턴경험> 인턴 계약기간이 정해져 있는지 여부
508,G181E048,E16-1. <임금근로자> <인턴경험> 경험일자리1의 인턴 계약기간 종료 날짜_년
509,G181E049,E16-1. <임금근로자> <인턴경험> 경험일자리1의 인턴 계약기간 종료 날짜_월
510,G181E050Z,E16-1-1. 확인문항E16) (경험일자리1) 인턴 계약 기간_주
511,G181E051,E17. <임금근로자> <인턴경험> 인턴기간 중 또는 종료 후 정규직으로 채용 또는 전환 여부
512,G181E052,E17-1. <임금근로자> <인턴경험> 정규직으로 채용 또는 전환된 시기_년
513,G181E053,E17-1. <임금근로자> <인턴경험> 정규직으로 채용 또는 전환된 시기_월
514,G181E054,E17-2. <임금근로자> <인턴경험> 정규직 채용 후 업무의 변경 여부
515,G181E055A_2018,E17-3. <임금근로자> <인턴경험> 변경 전 직업(대분류)_2018분류
516,G181E055_2018,E17-3. <임금근로자> <인턴경험> 변경 전 직업(중분류)_2018분류
517,G181E056_2018,E17-3. <임금근로자> <인턴경험> 변경 전 직업(소분류)_2018분류
518,G181E057_2018,E17-3. <임금근로자> <인턴경험> 변경 전 직업(세분류)_2018분류
519,G181E058,E18. <임금근로자> <인턴경험> 경험일자리1에서의 인턴제 경험의 취업 도움 여부
520,G181E059,E18-1. <임금근로자> <인턴경험> 경험일자리1에서의 인턴제 경험의 취업 도움되지 않는 이유
521,G181E060,E19. <비임금근로자> 비임금 근로를 선택한 주된 이유
522,G181E061,E20. <취업자 공통> 경험일자리1 주당 정규 근로일
523,G181E062,E20. <취업자 공통> 경험일자리1 주당 정규 근로시간
524,G181E063,E20. <취업자 공통> 경험일자리1 주당 초과 근로시간
525,G181E064,E20. <취업자 공통> 경험일자리1 월평균 휴일 근로
526,G181E065,E21. <취업자 공통> 경험일자리1 급여 형태 구분
527,G181E066,"E21. <취업자 공통> 경험일자리1 급여 형태별 근로소득_만원(단, 시간급은 원)"
528,G181E067,E21. <취업자 공통> 경험일자리1 월평균 근로소득_만원
529,G181E068,E21-1. <취업자 공통> 경험일자리1 초임의 급여형태
530,G181E069,"E21-1. <취업자 공통> 경험일자리1 초임의 급여형태별 근로소득_만원(단, 시간급은 원)"
531,G181E070,E21-1. <취업자 공통> 경험일자리1 초임의 월평균 근로소득_만원
532,G181E071,E22. <취업자 공통> 일자리에 대한 전반적인 만족도
533,G181E072,E23. <취업자 공통> 주된 일(업무)에 대한 전반적인 만족도
534,G181E073,E24. <취업자 공통> 경험일자리1의 교육 수준 - 일 수준 일치 정도
535,G181E074,E25. <취업자 공통> 경험일자리1의 일의 기술(기능) 수준 - 본인의 기술(기능) 수준 일치 정도
536,G181E075,E26. <취업자 공통> 경험일자리1의 일의 내용 - 자신의 (편)입학 시 전공(주전공) 일치 정도
537,G181E076,E26-1. <취업자 공통> 경험일자리1의 일의 내용 - 복수전공 일치 정도
538,G181E077,E27. <취업자 공통> 경험일자리1을 그만둔 가장 주된 이유
539,G181E078,E28. 경험일자리2 시작한 시기_년
540,G181E079,E28. 경험일자리2 시작한 시기_월
541,G181E080,E28. 경험일자리2 그만둔 시기_년
542,G181E081,E28. 경험일자리2 그만둔 시기_월
543,G181E082,E29. 경험일자리2 아르바이트였는지 여부
544,G181E083_10,E30. 경험일자리2 산업 대분류 CODE_10차 분류
545,G181E084_10,E30. 경험일자리2 산업 중분류 CODE_10차 분류
546,G181E085_10,E30. 경험일자리2 산업 소분류 CODE_10차분류
547,G181E086A_2018,E31. 경험일자리2 직업 대분류 CODE_2018분류
548,G181E086_2018,E31. 경험일자리2 직업 중분류 CODE_2018분류
549,G181E087_2018,E31. 경험일자리2 직업 소분류 CODE_2018분류
550,G181E088_2018,E31. 경험일자리2 직업 세분류 CODE_2018분류
551,G181E089,E32. 경험일자리2 기업체 종사자 수
552,G181E090,E32. 경험일자리2 사업체 종사자 수
553,G181E091,E33. 경험일자리2 사업체위치(국내외구분)
554,G181E092,E33. 경험일자리2 사업체 위치(국가명)
555,G181E093,E33. 경험일자리2 사업체 위치 시도(특별시/광역시/도) CODE
556,G181E094,E33. 경험일자리2 사업체 위치 시군구(구/시/군) CODE
557,G181E095,E34. 경험일자리2 사업체 유형
558,G181E096,E35. 경험일자리2 종사상 지위
559,G181E097,E36. <임금근로자> 경험일자리2에서 근로계약기간을 별도로 정했는지 여부
560,G181E098,E36-1. <임금근로자> 계약기간
561,G181E099,E36-2. <임금근로자> 계약기간의 반복이나 갱신 여부
562,G181E100,E36-3. <임금근로자> 일거리가 있을 때 며칠 혹은 몇 주씩 일하는 형태인지 여부
563,G181E101,E36-4. <임금근로자> 특별한 이유가 없는 한 계속 근로 가능 여부
564,G181E102,E36-5. <임금근로자> 계속 근로가 가능하다고 응답한 이유
565,G181E103,E36-6. <임금근로자> 계속 근로할 수 없다고 생각하는 주된 이유
566,G181E104,E36-7. <임금근로자> 현 일자리에서의 근로시간 형태
567,G181E105,E36-8. <임금근로자> 일하는 곳과 임금(급여)을 주는 곳이 같은지 여부
568,G181E106,E36-9. <임금근로자> 임금(급여) 받는 곳
569,G181E107,E36-10. <임금근로자> 특수고용형태 근로자 여부
570,G181E108,E36-11. <임금근로자> 주로 일 하는 장소
571,G181E117,E37. <임금근로자> 경험일자리2 정규직 여부(응답자 판단)
572,G181E118,E38. <임금근로자> <인턴경험> 인턴 경험 여부
573,G181E119,E39. <임금근로자> <인턴경험> 인턴제 유형
574,G181E120,E40. <임금근로자> <인턴경험> 인턴에 대한 내부 평가 시스템 유무
575,G181E121,E41. <임금근로자> <인턴경험> 인턴의 정규직 채용 또는 전환 제도 유무
576,G181E122,E42. <임금근로자> <인턴경험> 인턴 계약기간이 정해져 있는지 여부
577,G181E123,E42-1. <임금근로자> <인턴경험> 경험일자리2의 인턴 계약기간 종료 날짜_년
578,G181E124,E42-1. <임금근로자> <인턴경험> 경험일자리2의 인턴 계약기간 종료 날짜_월
579,G181E125Z,E42-1-1. 확인문항E16_2) (경험일자리2) 인턴 계약 기간_주
580,G181E126,E43. <임금근로자> <인턴경험> 인턴기간 중 또는 종료 후 정규직으로 채용 또는 전환 여부
581,G181E133,E44. <임금근로자> <인턴경험> 경험일자리2에서의 인턴제 경험의 취업 도움 여부
582,G181E134,E44-1. <임금근로자> <인턴경험> 경험일자리2에서의 인턴제 경험의 취업 도움되지 않는 이유
583,G181E135,E45. <비임금근로자> 비임금 근로를 선택한 주된 이유
584,G181E136,E46. <취업자 공통> 경험일자리2 주당 정규 근로일
585,G181E137,E46. <취업자 공통> 경험일자리2 주당 정규 근로시간
586,G181E138,E46. <취업자 공통> 경험일자리2 주당 초과 근로시간
587,G181E139,E46. <취업자 공통> 경험일자리2 월평균 휴일 근로
588,G181E140,E47. <취업자 공통> 경험일자리2 급여 형태 구분
589,G181E141,"E47. <취업자 공통> 경험일자리2 급여 형태별 근로소득_만원(단, 시간급은 원)"
590,G181E142,E47. <취업자 공통> 경험일자리2 월평균 근로소득_만원
591,G181E143,E47-1. <취업자 공통> 경험일자리2 초임의 급여형태
592,G181E144,"E47-1. <취업자 공통> 경험일자리2 초임의 급여형태별 근로소득_만원(단, 시간급은 원)"
593,G181E145,E47-1. <취업자 공통> 경험일자리2 초임의 월평균 근로소득_만원
594,G181E146,E48. <취업자 공통> 일자리에 대한 전반적인 만족도
595,G181E147,E49. <취업자 공통> 주된 일(업무)에 대한 전반적인 만족도
596,G181E148,E50. <취업자 공통> 경험일자리2의 교육 수준 - 일 수준 일치 정도
597,G181E149,E51. <취업자 공통> 경험일자리2의 일의 기술(기능) 수준 - 본인의 기술(기능) 수준 일치 정도
598,G181E150,E52. <취업자 공통> 경험일자리2의 일의 내용 - 자신의 (편)입학 시 전공(주전공) 일치 정도
599,G181E151,E52-1. <취업자 공통> 경험일자리2의 일의 내용 - 복수전공 일치 정도
600,G181E152,E53. <취업자 공통> 경험일자리2을 그만둔 가장 주된 이유
601,G181E153,E54. 경험일자리3 시작한 시기_년
602,G181E154,E54. 경험일자리3 시작한 시기_월
603,G181E155,E54. 경험일자리3 그만둔 시기_년
604,G181E156,E54. 경험일자리3 그만둔 시기_월
605,G181E157,E55. 경험일자리3 아르바이트였는지 여부
606,G181E158_10,E56. 경험일자리3 산업 대분류 CODE_10차 분류
607,G181E159_10,E56. 경험일자리3 산업 중분류 CODE_10차 분류
608,G181E160_10,E56. 경험일자리3 산업 소분류 CODE_10차 분류
609,G181E161A_2018,E57. 경험일자리3 직업 대분류 CODE_2018분류
610,G181E161_2018,E57. 경험일자리3 직업 중분류 CODE_2018분류
611,G181E162_2018,E57. 경험일자리3 직업 소분류 CODE_2018분류
612,G181E163_2018,E57. 경험일자리3 직업 세분류 CODE_2018분류
613,G181E164,E58. 경험일자리3 기업체 종사자 수
614,G181E165,E58. 경험일자리3 사업체 종사자 수
615,G181E166,E59. 경험일자리3 사업체위치(국내외구분)
616,G181E167,E59. 경험일자리3 사업체 위치(국가명)
617,G181E168,E59. 경험일자리3 사업체 위치 시도(특별시/광역시/도) CODE
618,G181E169,E59. 경험일자리3 사업체 위치 시군구(구/시/군) CODE
619,G181E170,E60. 경험일자리3 사업체 유형
620,G181E171,E61. 경험일자리3 종사상 지위
621,G181E172,E62. <임금근로자> 경험일자리3에서 근로계약기간을 별도로 정했는지 여부
622,G181E173,E62-1. <임금근로자> 계약기간
623,G181E174,E62-2. <임금근로자> 계약기간의 반복이나 갱신 여부
624,G181E175,E62-3. <임금근로자> 일거리가 있을 때 며칠 혹은 몇 주씩 일하는 형태인지 여부
625,G181E176,E62-4. <임금근로자> 특별한 이유가 없는 한 계속 근로 가능 여부
626,G181E177,E62-5. <임금근로자> 계속 근로가 가능하다고 응답한 이유
627,G181E178,E62-6. <임금근로자> 계속 근로할 수 없다고 생각하는 주된 이유
628,G181E179,E62-7. <임금근로자> 현 일자리에서의 근로시간 형태
629,G181E180,E62-8. <임금근로자> 일하는 곳과 임금(급여)을 주는 곳이 같은지 여부
630,G181E181,E62-9. <임금근로자> 임금(급여) 받는 곳
631,G181E182,E62-10. <임금근로자> 특수고용형태 근로자 여부
632,G181E183,E62-11. <임금근로자> 주로 일 하는 장소
633,G181E192,E63. <임금근로자> 경험일자리3 정규직 여부(응답자 판단)
634,G181E193,E64. <임금근로자> <인턴경험> 인턴 경험 여부
635,G181E194,E65. <임금근로자> <인턴경험> 인턴제 유형
636,G181E195,E66. <임금근로자> <인턴경험> 인턴에 대한 내부 평가 시스템 유무
637,G181E196,E67. <임금근로자> <인턴경험> 인턴의 정규직 채용 또는 전환 제도 유무
638,G181E197,E68. <임금근로자> <인턴경험> 인턴 계약기간이 정해져 있는지 여부
639,G181E198,E68-1. <임금근로자> <인턴경험> 경험일자리3의 인턴 계약기간 종료 날짜_년
640,G181E199,E68-1. <임금근로자> <인턴경험> 경험일자리3의 인턴 계약기간 종료 날짜_월
641,G181E201,E69. <임금근로자> <인턴경험> 인턴기간 중 또는 종료 후 정규직으로 채용 또는 전환 여부
642,G181E202,E70. <임금근로자> <인턴경험> 경험일자리3에서의 인턴제 경험의 취업 도움 여부
643,G181E203,E70-1. <임금근로자> <인턴경험> 경험일자리3에서의 인턴제 경험의 취업 도움되지 않는 이유
644,G181E204,E71. <비임금근로자> 비임금 근로를 선택한 주된 이유
645,G181E205,E72. <취업자 공통> 경험일자리3 주당 정규 근로일
646,G181E206,E72. <취업자 공통> 경험일자리3 주당 정규 근로시간
647,G181E207,E72. <취업자 공통> 경험일자리3 주당 초과 근로시간
648,G181E208,E72. <취업자 공통> 경험일자리3 월평균 휴일 근로
649,G181E209,E73. <취업자 공통> 경험일자리3 급여 형태 구분
650,G181E210,"E73. <취업자 공통> 경험일자리3 급여 형태별 근로소득_만원(단, 시간급은 원)"
651,G181E211,E73. <취업자 공통> 경험일자리3 월평균 근로소득_만원
652,G181E212,E73-1. <취업자 공통> 경험일자리3 초임의 급여형태
653,G181E213,"E73-1. <취업자 공통> 경험일자리3 초임의 급여형태별 근로소득_만원(단, 시간급은 원)"
654,G181E214,E73-1. <취업자 공통> 경험일자리3 초임의 월평균 근로소득_만원
655,G181E215,E74. <취업자 공통> 일자리에 대한 전반적인 만족도
656,G181E216,E75. <취업자 공통> 주된 일(업무)에 대한 전반적인 만족도
657,G181E217,E76. <취업자 공통> 경험일자리3의 교육 수준 - 일 수준 일치 정도
658,G181E218,E77. <취업자 공통> 경험일자리3의 일의 기술(기능) 수준 - 본인의 기술(기능) 수준 일치 정도
659,G181E219,E78. <취업자 공통> 경험일자리3의 일의 내용 - 자신의 (편)입학 시 전공(주전공) 일치 정도
660,G181E220,E78-1. <취업자 공통> 경험일자리3의 일의 내용 - 복수전공 일치 정도
661,G181E221,E79. <취업자 공통> 경험일자리3을 그만둔 가장 주된 이유
662,G181F001,F1. 출신 고등학교 졸업 시기_년
663,G181F002,F1. 출신 고등학교 졸업 시기_월
664,G181F004,F2. 출신 고등학교 소재지(국내외구분)
665,G181F005,F2. 출신 고등학교 소재지(국가명)
666,G181F006,F2. 출신 고등학교 소재지_시도(특별시/광역시/도) CODE
667,G181F007,F2. 출신 고등학교 소재지_시군구(구/시/군) CODE
668,G181F008,F3. 출신 고등학교 구분(고등학교 혹은 검정고시)
669,G181F009,F4. 고등학교 계열
670,G181F010,F5. 졸업 대학 입학 구분(입학 혹은 편입)
671,G181F011,F5. 졸업 대학 입학/편입 시기_년
672,G181F012,F5. 졸업 대학 입학/편입 시기_월
673,G181F013,F6. 대학 입학 모집방법(정시 혹은 수시)
674,G181F170,F7. 입학 전형 유형 (세부 유형)
675,G181F016,F7-1. 졸업한 대학에 입학하는데 가장 중요했던 요소
676,G181F017,F7-1. 졸업한 대학에 입학하는데 가장 중요했던 요소(2순위)
677,G181F018,F8. 졸업한 대학을 선택한 이유
678,G181F019,F9. 전공(주전공 기준)을 선택한 주된 이유
679,G181F020,F10. 전공을 다시 선택 할 수 있다면 동일한 전공을 고를지 여부
680,G181F021,F10-1. 동일 전공학과를 선택하지 않으려는 주된 이유
681,G181F022,F10-2. 고등학교에서 대학 진학 시 전공 선택의 실패를 줄이기 위해 가장 필요한 것
682,G181F023,"F11. 복수전공, 부전공, 연계전공 여부"
683,G181F025,F11. 복수전공 이수 여부
684,G181F026,F11. 복수전공 (학과 코드)
685,G181F026N,F11. 복수전공 (학과명) (2017g~ 학과명 별도변수로 분리)
686,G181F027,F11. 부전공 이수 여부
687,G181F028,F11. 부전공 (학과 코드)
688,G181F028N,F11. 부전공 (학과명) (2017g~ 학과명 별도변수로 분리)
689,G181F029,F11. 연계전공 이수 여부
690,G181F030,F11. 연계전공 (학과 코드)
691,G181F030N,F11. 연계전공 (학과명) (2017g~ 학과명 별도변수로 분리)
692,G181F031,F12. 복수/부/연계전공 도움 여부
693,G181F032,F12-1. 복수/부/연계전공 도움 이유
694,G181F034,"F13. 진로선택 및 취업준비 프로그램 1- 진로, 취업 관련 교과목_참여 여부"
695,G181F036,F13. 진로선택 및 취업준비 프로그램 2- 직장체험프로그램(인턴 포함)_참여 여부
696,G181F037,F13. 진로선택 및 취업준비 프로그램 3- 인적성 검사 등 직업심리검사_참여 여부
697,G181F038,F13. 진로선택 및 취업준비 프로그램 4- 교내 취업박람회_참여 여부
698,G181F039,F13. 진로선택 및 취업준비 프로그램 5- 진로 관련 개인 및 집단상담 프로그램_참여 여부
699,G181F040,"F13. 진로선택 및 취업준비 프로그램 6- 면접기술, 이력서 작성 프로그램_참여 여부"
700,G181F041,F13. 진로선택 및 취업준비 프로그램 7- 취업캠프_참여 여부
701,G181F042,F13. 진로선택 및 취업준비 프로그램 8- 기업채용설명회_참여 여부
702,G181F043,F13. 진로선택 및 취업준비 프로그램 9- 기타_참여 여부
703,G181F044,"F13. 진로선택 및 취업준비 프로그램 1- 진로, 취업 관련 교과목_참여 횟수"
704,G181F045,F13. 진로선택 및 취업준비 프로그램 2- 직장체험프로그램(인턴 포함)_참여 횟수
705,G181F046,F13. 진로선택 및 취업준비 프로그램 3- 인적성 검사 등 직업심리검사_참여 횟수
706,G181F047,F13. 진로선택 및 취업준비 프로그램 4- 교내 취업박람회_참여 횟수
707,G181F048,F13. 진로선택 및 취업준비 프로그램 5- 진로 관련 개인 및 집단상담 프로그램_참여 횟수
708,G181F049,"F13. 진로선택 및 취업준비 프로그램 6- 면접기술, 이력서 작성 프로그램_참여 횟수"
709,G181F050,F13. 진로선택 및 취업준비 프로그램 7- 취업캠프_참여 횟수
710,G181F051,F13. 진로선택 및 취업준비 프로그램 8- 기업채용설명회_참여 횟수
711,G181F052,F13. 진로선택 및 취업준비 프로그램 9- 기타_참여 횟수
712,G181F053,"F13. 진로선택 및 취업준비 프로그램 1- 진로, 취업 관련 교과목_도움정도"
713,G181F054,F13. 진로선택 및 취업준비 프로그램 2- 직장체험프로그램(인턴 포함)_도움정도
714,G181F055,F13. 진로선택 및 취업준비 프로그램 3- 인적성 검사 등 직업심리검사_도움정도
715,G181F056,F13. 진로선택 및 취업준비 프로그램 4- 교내 취업박람회_도움정도
716,G181F057,F13. 진로선택 및 취업준비 프로그램 5- 진로 관련 개인 및 집단상담 프로그램_도움정도
717,G181F058,"F13. 진로선택 및 취업준비 프로그램 6- 면접기술, 이력서 작성 프로그램_도움정도"
718,G181F059,F13. 진로선택 및 취업준비 프로그램 7- 취업캠프_도움정도
719,G181F060,F13. 진로선택 및 취업준비 프로그램 8- 기업채용설명회_도움정도
720,G181F061,F13. 진로선택 및 취업준비 프로그램 9- 기타_도움정도
721,G181F063,F14. 졸업대학 관련 만족도 1- 교육지원 시설
722,G181F064,F14. 졸업대학 관련 만족도 2- 학생복지 시설
723,G181F065,"F14. 졸업대학 관련 만족도 3a- 학생지원제도(장학금, 해외연수 등)"
724,G181F067,F14. 졸업대학 관련 만족도 4-  진로관련 상담 및 지원 제도
725,G181F068,F14. 졸업대학 관련 만족도 5- 전공 커리큘럼 및 내용
726,G181F069,F14. 졸업대학 관련 만족도 6- 전공 교수진의 능력 및 열의
727,G181F070,F14. 졸업대학 관련 만족도 7- 수업의 방식 및 질
728,G181F071,F14. 졸업대학 관련 만족도 8- 전공에 대한 전반적인 만족 수준
729,G181F072,F14. 졸업대학 관련 만족도 9- 학교에 대한 전반적인 만족 수준
730,G181F073,F15. 졸업 평점 유형
731,G181F074,F15. 졸업 평점 점수
732,G181F075,F16. 이수학기_졸업기준학기
733,G181F076,F16. 이수학기_실제이수학기
734,G181F077Z,학기계산 오류 내용
735,G181F079,F17. 등록금 조달 방법(%) [1]- 부모 -복수응답
736,G181F080,F17. 등록금 조달 방법(%) [2]- 학자금 대출
737,G181F081,F17. 등록금 조달 방법(%) [3]- 본인
738,G181F082,F17. 등록금 조달 방법(%) [4]- 장학금
739,G181F083,F17. 등록금 조달 방법(%) [5]- 배우자
740,G181F084,"F17. 등록금 조달 방법(%) [6]- 형제, 자매 등 친인척"
741,G181F085,F17. 등록금 조달 방법(%) [7]- 기타
742,G181F086,F18. 재학 중 학자금대출 여부
743,G181F089,F19. 학자금대출 금액
744,G181F090,F20. 학자금대출  상환 조건
745,G181F094,F21. 현재 대출금 상환 정도
746,G181F095,F22. 상환해야 할 대출금 총액
747,G181F098,F23. 대출금 상환의 주된 주체
748,G181F099,F24. 대출금 상환 부담 정도
749,G181F101,F25. 휴학 경험 유무
750,G181F102,F26. 총 휴학 횟수
751,G181F103,F26. 휴학 학기
752,G181F104,F27. 첫번째 휴학 이유
753,G181F105,F27. 첫번째 휴학 시작 시기_학년
754,G181F106,F27. 첫번째 휴학 시작 시기_학기
755,G181F107,F27. 첫번째 휴학 기간
756,G181F108,F27. 두번째 휴학 이유
757,G181F109,F27. 두번째 휴학 시작 시기_학년
758,G181F110,F27. 두번째 휴학 시작 시기_학기
759,G181F111,F27. 두번째 휴학 기간
760,G181F112,F27. 세번째 휴학 이유
761,G181F113,F27. 세번째 휴학 시작 시기_학년
762,G181F114,F27. 세번째 휴학 시작 시기_학기
763,G181F115,F27. 세번째 휴학 기간
764,G181F116,F27. 네번째 휴학 이유
765,G181F117,F27. 네번째 휴학 시작 시기_학년
766,G181F118,F27. 네번째 휴학 시작 시기_학기
767,G181F119,F27. 네번째 휴학 기간
768,G181F120,F27. 다섯번째 휴학 이유
769,G181F121,F27. 다섯번째 휴학 시작 시기_학년
770,G181F122,F27. 다섯번째 휴학 시작 시기_학기
771,G181F123,F27. 다섯번째 휴학 기간
772,G181F124,F28. 졸업유예 경험 유무
773,G181F125,F29. 졸업유예_총 횟수
774,G181F126,F29. 졸업유예_총 학기
775,G181F127,F29. 졸업유예 중에서도 의도적 졸업유예_횟수
776,G181F128,F29. 졸업유예 중에서도 의도적 졸업유예_학기
777,G181F129,F30. 첫번째 졸업유예 방식
778,G181F130,F31. 첫번째 졸업유예 이유
779,G181F131,F32. 첫번째 유예 학기 수
780,G181F132,F30. 두번째 졸업유예 방식
781,G181F133,F31. 두번째 졸업유예 이유
782,G181F134,F32. 두번째 유예 학기 수
783,G181F135,F30. 세번째 졸업유예 방식
784,G181F136,F31. 세번째 졸업유예 이유
785,G181F137,F32. 세번째 유예 학기 수
786,G181F138,F33. 최종 졸업한 대학 이전에 다른 대학을 다닌 경험 유무
787,G181F139,F33-1. 최종 졸업한 대학 이전에 다른 대학(원)을 다닌 경험_횟수
788,G181F140,F34. 이전에 다닌 학교의 소재지(국내외구분)_첫번째
789,G181F141,F34. 이전에 다닌 학교의 소재지_시도(특별시/광역시/도) CODE_첫번째
790,G181F142,F34. (편)입학 년월_년_첫번째
791,G181F143,F34. (편)입학 년월_월_첫번째
792,G181F144,F34. 졸업(그만둔) 시기_년_첫번째
793,G181F145,F34. 졸업(그만둔) 시기_월_첫번째
794,G181F146,F34. 졸업여부_첫번째
795,G181F147,F34. 이전에 다닌 학교의 학위과정 유형_첫번째
796,G181F148,F34. 이수 학기 수_첫번째
797,G181F149,F34. 이전학교 전공 CODE_첫번째
798,G181F149N,F34. 이전학교 전공 학과명_첫번째 (2017g~ 학과명 별도 변수로 분리)
799,G181F150,F34. 이전에 다닌 학교의 소재지(국내외구분)_두번째
800,G181F151,F34. 이전에 다닌 학교의 소재지_시도(특별시/광역시/도) CODE_두번째
801,G181F152,F34. (편)입학 년월_년_두번째
802,G181F153,F34. (편)입학 년월_월_두번째
803,G181F154,F34. 졸업(그만둔) 시기_년_두번째
804,G181F155,F34. 졸업(그만둔) 시기_월_두번째
805,G181F156,F34. 졸업여부_두번째
806,G181F157,F34. 이전에 다닌 학교의 학위과정 유형_두번째
807,G181F158,F34. 이수 학기 수_두번째
808,G181F159,F34. 이전학교 전공 CODE_두번째
809,G181F159N,F34. 이전학교 전공 학과명_두번째 (2017g~ 학과명 별도 변수로 분리)
810,G181F160,F34. 이전에 다닌 학교의 소재지(국내외구분)_세번째
811,G181F161,F34. 이전에 다닌 학교의 소재지_시도(특별시/광역시/도) CODE_세번째
812,G181F162,F34. (편)입학 년월_년_세번째
813,G181F163,F34. (편)입학 년월_월_세번째
814,G181F164,F34. 졸업(그만둔) 시기_년_세번째
815,G181F165,F34. 졸업(그만둔) 시기_월_세번째
816,G181F166,F34. 졸업여부_세번째
817,G181F167,F34. 이전에 다닌 학교의 학위과정 유형_세번째
818,G181F168,F34. 이수 학기 수_세번째
819,G181F169,F34. 이전학교 전공 CODE_세번째
820,G181F169N,F34. 이전학교 전공 학과명_세번째 (2017g~ 학과명 별도 변수로 분리)
821,G181G001,G1. 대학 졸업 후 학교(대학/대학원)에 다닌 경험 유무
822,G181G002,G1-1. 대학 졸업 후 학교(대학/대학원) 진학 횟수
823,G181G003,"G2. 대학 졸업 후 진학한 대학(원) 입학 방법(입학, 편입)_첫번째"
824,G181G005,G3. 진학한 대학(원) 소재지(국내외구분)_첫번째
825,G181G006,G3. 진학한 대학(원) 소재지(국가명)_첫번째
826,G181G007,G3. 진학한 대학(원) 소재지_시도(특별시/광역시/도) CODE_첫번째
827,G181G008,G3. (편)입학 년월(년)_첫번째
828,G181G009,G3. (편)입학 년월(월)_첫번째
829,G181G010,"G3. 대학 졸업 후 진학 학교 유형(대학,대학원)_첫번째"
830,G181G011,G3-1. 진학한 대학(원)의 학교유형 및 학위과정_대학_첫번째
831,G181G012,G3-2. 진학한 대학(원)의 학교유형 및 학위과정_대학원_첫번째
832,G181G013,G3-4. 진학한 대학(원)의 학교유형 및 학위과정_주야구분_첫번째
833,G181G014,G3-3. 진학한 대학(원)의 학교유형 및 학위과정_학위과정_첫번째
834,G181G015,G4-1. 전공명 CODE_첫번째
835,G181G015N,G4-1. 전공명 (학과명)_첫번째 (2017g~ 학과명 별도 변수로 분리)
836,G181G016,G5. 대학(원) 진학의 주된 이유_첫번째
837,G181G017,G6. 대학에서의 전공과 일치 여부_첫번째
838,G181G018,G6-1. 타전공 선택 이유_첫번째
839,G181G019,G7. 현재도 대학(원)에 재학중인지 여부_첫번째
840,G181G020,G8. 현재 대학(원)을 다니지 않는 이유_첫번째
841,G181G021,G9. 대학(원)을 졸업한 시기(년도)_첫번째
842,G181G022,G9. 대학(원)을 졸업한 시기(월)_첫번째
843,G181G023,"G2. 대학 졸업 후 진학한 대학(원) 입학 방법(입학, 편입)_두번째"
844,G181G025,G3. 진학한 대학(원) 소재지(국내외구분)_두번째
845,G181G026,G3. 진학한 대학(원) 소재지_시도(특별시/광역시/도) CODE_두번째
846,G181G027,G3. (편)입학 년월(년)_두번째
847,G181G028,G3. (편)입학 년월(월)_두번째
848,G181G029,"G3. 대학 졸업 후 진학 학교 유형(대학,대학원)_두번째"
849,G181G030,G3-1. 진학한 대학(원)의 학교유형 및 학위과정_대학_두번째
850,G181G031,G3-2. 진학한 대학(원)의 학교유형 및 학위과정_대학원_두번째
851,G181G032,G3-4. 진학한 대학(원)의 학교유형 및 학위과정_주야구분_두번째
852,G181G033,G3-3. 진학한 대학(원)의 학교유형 및 학위과정_학위과정_두번째
853,G181G034,G4-1. 전공명 CODE_두번째
854,G181G034N,G4-1. 전공명 (학과명)_두번째 (2017g~ 학과명 별도 변수로 분리)
855,G181G035,G5. 대학(원) 진학의 주된 이유_두번째
856,G181G036,G6. 대학에서의 전공과 일치 여부_두번째
857,G181G037,G6-1. 타전공 선택 이유_두번째
858,G181G038,G7. 현재도 대학(원)에 재학중인지 여부_두번째
859,G181G039,G8. 현재 대학(원)을 다니지 않는 이유_두번째
860,G181G040,G9. 대학(원)을 졸업한 시기(년도)_두번째
861,G181G041,G9. 대학(원)을 졸업한 시기(월)_두번째
862,G181H001,H1. 대학 재학 중 일자리 경험의 유무
863,G181H002,H1-1. 재학 중 경험한 일자리 횟수
864,G181H004A_2018,H2. 재학 중 경험일자리1 직업 대분류 CODE_2018분류
865,G181H004_2018,H2. 재학 중 경험일자리1 직업 중분류 CODE_2018분류
866,G181H005_2018,H2. 재학 중 경험일자리1 직업 소분류 CODE_2018분류
867,G181H006,H3. 재학 중 경험일자리1 일을 시작한 시기_년도
868,G181H007,H3. 재학 중 경험일자리1 일을 시작한 시기_월
869,G181H008,H3. 재학 중 경험일자리1 일을 마친 시기_년도
870,G181H009,H3. 재학 중 경험일자리1 일을 마친 시기_월
871,G181H010Z,H3-1. 재학 중 경험일자리1 기간_개월
872,G181H012,H4. 재학 중 경험일자리1 인턴 여부
873,G181H014,H5. 재학 중 경험일자리1 종사상 지위
874,G181H015,H6. 재학 중 경험일자리1 주당 근로 일수
875,G181H016,H7. 재학 중 경험일자리1 하루 평균 근로 시간
876,G181H017,H8. 재학 중 경험일자리1 급여 형태
877,G181H018,H8. 재학 중 경험일자리1 급여 형태별 소득
878,G181H020,H9. 재학 중 경험일자리1 일한 이유
879,G181H021,H10. 재학 중 경험일자리1 전공과의 일치 여부
880,G181H022,H11. 재학 중 경험일자리1의 경험이 졸업 후 취업에 도움이 되었는지 여부
881,G181H024A_2018,H2. 재학 중 경험일자리2 직업 대분류 CODE_2018분류
882,G181H024_2018,H2. 재학 중 경험일자리2 직업 중분류 CODE_2018분류
883,G181H025_2018,H2. 재학 중 경험일자리2 직업 소분류 CODE_2018분류
884,G181H026,H3. 재학 중 경험일자리2 일을 시작한 시기_년도
885,G181H027,H3. 재학 중 경험일자리2 일을 시작한 시기_월
886,G181H028,H3. 재학 중 경험일자리2 일을 마친 시기_년도
887,G181H029,H3. 재학 중 경험일자리2 일을 마친 시기_월
888,G181H030Z,H3-1. 재학 중 경험일자리2 기간_개월
889,G181H032,H4. 재학 중 경험일자리2 인턴 여부
890,G181H034,H5. 재학 중 경험일자리2 종사상 지위
891,G181H035,H6. 재학 중 경험일자리2 주당 근로 일수
892,G181H036,H7. 재학 중 경험일자리2 하루 평균 근로 시간
893,G181H037,H8. 재학 중 경험일자리2 급여 형태
894,G181H038,H8. 재학 중 경험일자리2 급여 형태별 소득
895,G181H040,H9. 재학 중 경험일자리2 일한 이유
896,G181H041,H10. 재학 중 경험일자리2 전공과의 일치 여부
897,G181H042,H11. 재학 중 경험일자리2의 경험이 졸업 후 취업에 도움이 되었는지 여부
898,G181H044A_2018,H2. 재학 중 경험일자리3 직업 대분류 CODE_2018분류
899,G181H044_2018,H2. 재학 중 경험일자리3 직업 중분류 CODE_2018분류
900,G181H045_2018,H2. 재학 중 경험일자리3 직업 소분류 CODE_2018분류
901,G181H046,H3. 재학 중 경험일자리3 일을 시작한 시기_년도
902,G181H047,H3. 재학 중 경험일자리3 일을 시작한 시기_월
903,G181H048,H3. 재학 중 경험일자리3 일을 마친 시기_년도
904,G181H049,H3. 재학 중 경험일자리3 일을 마친 시기_월
905,G181H050Z,H3-1. 재학 중 경험일자리3 일한 기간_개월
906,G181H052,H4. 재학 중 경험일자리3 인턴 여부
907,G181H054,H5. 재학 중 경험일자리3 종사상 지위
908,G181H055,H6. 재학 중 경험일자리3 주당 근로 일수
909,G181H056,H7. 재학 중 경험일자리3 하루 평균 근로 시간
910,G181H057,H8. 재학 중 경험일자리3 급여 형태
911,G181H058,H8. 재학 중 경험일자리3 급여 형태별 소득
912,G181H060,H9. 재학 중 경험일자리3 일한 이유
913,G181H061,H10. 재학 중 경험일자리3 전공과의 일치 여부
914,G181H062,H11. 재학 중 경험일자리3의 경험이 졸업 후 취업에 도움이 되었는지 여부
915,G181I001,I1. 어학연수 경험
916,G181I002,I2. 어학연수 경험 횟수
917,G181I003,I3. 어학연수 경험 국가1
918,G181I004,I4. 여학연수 경험 국가1_체류 기간
919,G181I005,I5. 여학연수 경험 국가1_지출 비용
920,G181I008,I3. 어학연수 경험 국가2
921,G181I009,I4. 여학연수 경험 국가2_체류 기간
922,G181I010,I5. 여학연수 경험 국가2_지출 비용
923,G181I013,I3. 어학연수 경험 국가3
924,G181I014,I4. 여학연수 경험 국가3_체류 기간
925,G181I015,I5. 여학연수 경험 국가3_지출 비용
926,G181I018,I6. 최근 2년동안 영어 시험을 본 경험 유무
927,G181I022,I6-1. 영어시험 응시 여부 1- 토익(TOEIC)
928,G181I023,I6-1. 영어시험 응시 여부 2- 영어 Verbal Test_TOEIC speaking
929,G181I024,I6-1. 영어시험 응시 여부 3- 영어 Verbal Test_OPIC
930,G181I080,I6-1. 영어시험 응시 여부 4- 영어 Verbal Test_TEPS SPEAKING
931,G181I025,I6-1. 영어시험 응시 여부 5- 영어 Verbal Test_기타
932,G181I028,I6-1. 영어시험 응시 여부 8- 토플(TOEFL)_IBT
933,G181I029,I6-1. 영어시험 응시 여부 9- 텝스(TEPS)
934,G181I081,I6-1. 영어시험 응시 여부 10- 뉴텝스(NEW TEPS)
935,G181I082,I6-1. 영어시험 응시 여부 12- 아이엘츠(IELTS) 아카데믹(A)
936,G181I083,I6-1. 영어시험 응시 여부 13- 아이엘츠(IELTS) 제네럴 트레이닝(GT)
937,G181I031,I6-1. 영어시험 응시 여부 14a- 기타
938,G181I033,I6-1. 영어시험 점수 1- 토익(TOEIC)
939,G181I036,I6-1. 영어시험 점수 2c-영어 Verbal Test_TOEIC speaking(등급)
940,G181I037,I6-1. 영어시험 점수 2d-영어 Verbal Test_TOEIC speaking(점수)
941,G181I038,I6-1. 영어시험 점수 3  -영어 Verbal Test_OPIC(등급)
942,G181I084,I6-1. 영어시험 점수 4a- 영어 Verbal Test_TEPS SPEAKING(등급)
943,G181I085,I6-1. 영어시험 점수 4b- 영어 Verbal Test_TEPS SPEAKING(점수)
944,G181I042,I6-1. 영어시험 점수 8- 토플(TOEFL)_IBT
945,G181I045,I6-1. 영어시험 점수 9c- 텝스(TEPS) (등급)
946,G181I046,I6-1. 영어시험 점수 9d- 텝스(TEPS) (점수)
947,G181I086,I6-1. 영어시험 점수 10a- 뉴텝스(NEW TEPS) (등급)
948,G181I087,I6-1. 영어시험 점수 10b- 뉴텝스(NEW TEPS) (점수)
949,G181I088,I6-1. 영어시험 점수(등급) 12- 아이엘츠(IELTS) 아카데믹(A) (등급)
950,G181I089,I6-1. 영어시험 점수(등급) 13- 아이엘츠(IELTS) 제네럴 트레이닝(GT) (등급)
951,G181I048,I6-1. 영어시험 점수 14b- 기타_시험명(open)
952,G181I049,I6-1. 영어시험 점수 14c-기타_시험 점수(open)
953,G181I075,I6-1. 영어시험 점수 14d-기타_시험 등급(open)
954,G181I050,I7. 최근 2년간 영어 외 외국어 시험을 본 경험
955,G181I054,I7-1. 영어 외 외국어 시험 응시 여부 1- JPT
956,G181I055,I7-1. 영어 외 외국어 시험 응시 여부 2- JLPT
957,G181I056,I7-1. 영어 외 외국어 시험 응시 여부 3- HSK
958,G181I057,I7-1. 영어 외 외국어 시험 응시 여부 4- CPT
959,G181I090,I7-1. 영어 외 외국어 시험 응시 여부 5a- BCT(듣기/읽기/쓰기)
960,G181I091,I7-1. 영어 외 외국어 시험 응시 여부 5b- BCT(듣기/읽기)
961,G181I059,I7-1. 영어 외 외국어 시험_응시 여부 6- 기타
962,G181I060,I7-1. 영어 외 외국어 시험_응시 여부 6b- 기타_언어명(open)
963,G181I062,I7-1. 영어 외의 외국어 점수 1c- 일본어_JPT
964,G181I065,I7-1. 영어 외의 외국어 점수 2c-일본어_JLPT (등급)
965,G181I066,I7-1. 영어 외의 외국어 점수 2d-일본어_JLPT (점수)
966,G181I076,I7-1. 영어 외의 외국어 점수 3c-중국어_HSK (점수)
967,G181I077,I7-1. 영어 외의 외국어 점수 3d-중국어_HSK (등급)
968,G181I070,I7-1. 영어 외의 외국어 점수 4b-중국어_CPT
969,G181I092,I7-1. 영어 외의 외국어 점수 5a- 중국어_BCT(듣기/읽기/쓰기) (점수)
970,G181I093,I7-1. 영어 외의 외국어 점수 5b- 중국어_BCT(듣기/읽기) (점수)
971,G181I072,I7-1. 영어 외의 외국어 점수 6b-기타_시험명(open)
972,G181I073,I7-1. 영어 외의 외국어 점수 6c-기타_점수(open)
973,G181I074,I7-1. 영어 외의 외국어 점수 6d-기타_등급
974,G181I094Z,어학시험 점수 및 등급 오류내용
975,G181J001,J1. 졸업 전 취업 목표의 유무
976,G181J003,J2. 취업 목표를 설정한 시기_학년
977,G181J004,J2. 취업 목표를 설정한 시기학기
978,G181J009,J3. 취업 목표로 계획했던 직업의 유무
979,G181J010A_2018,J3. 재학중 목표 직업_대분류_2018분류
980,G181J010_2018,J3. 재학중 목표 직업_중분류_2018분류
981,G181J011_2018,J3. 재학중 목표 직업_소분류_2018분류
982,G181J012,J4. 취업 목표 일자리 유형
983,G181J013,J5. 취업 목표 달성 여부_직업
984,G181J014,J5. 취업 목표 달성 여부_직장
985,G181J016,J6. 취업 목표를 이루지 못했던 주된 이유
986,G181J021,J7. 유보임금(희망하는 최소 임금)_연봉_만원
987,G181L001,L1. 대학 입학 후 직업(취업)과 관련된 교육 또는 훈련을 받았던 경험의 유무
988,G181L002,L1-1. 받지 않았던 이유
989,G181L003,L2. 교육 혹은 훈련을 받았던 횟수
990,G181L006,L4. 직업 교육/훈련1_훈련 분야
991,G181L007,L5. 직업 교육/훈련1_받기 시작한 시기_년
992,G181L008,L5. 직업 교육/훈련1_받기 시작한 시기_월
993,G181L009,L5. 직업/교육 훈련1 종료 여부
994,G181L010,L5. 직업 교육/훈련1 _끝난 시기_년
995,G181L011,L5. 직업 교육/훈련1 _끝난 시기_월
996,G181L016,L6. 직업 교육/훈련1_훈련기간_총 시간
997,G181L018,L7. 직업 교육/훈련1_훈련 종류
998,G181L085,L8. 직업 교육/훈련1_훈련이 업무시간 중에 진행되었는지 여부
999,G181L021,L9. 직업 교육/훈련1_훈련 목적
1000,G181L022,L10. 직업 교육/훈련1_목적에 도움을 주었는지 정도
1001,G181L030,L11. 직업 교육/훈련1_ 자기 부담 비용
1002,G181L032,L4. 직업 교육/훈련2_훈련 분야
1003,G181L033,L5. 직업 교육/훈련2_받기 시작한 시기_년
1004,G181L034,L5. 직업 교육/훈련2_받기 시작한 시기_월
1005,G181L035,L5. 직업/교육 훈련2_종료 여부
1006,G181L036,L5. 직업 교육/훈련2 _끝난 시기_년
1007,G181L037,L5. 직업 교육/훈련2 _끝난 시기_월
1008,G181L042,L6. 직업 교육/훈련2_훈련기간_총 시간
1009,G181L044,L7. 직업 교육/훈련2_훈련 종류
1010,G181L086,L8. 직업 교육/훈련2_훈련이 업무시간 중에 진행되었는지 여부
1011,G181L047,L9. 직업 교육/훈련2_훈련 목적
1012,G181L048,L10. 직업 교육/훈련2_목적에 도움을 주었는지 정도
1013,G181L056,L11. 직업 교육/훈련2_자기 부담 비용
1014,G181L058,L4. 직업 교육/훈련3_훈련 분야
1015,G181L059,L5. 직업 교육/훈련3_받기 시작한 시기_년
1016,G181L060,L5. 직업 교육/훈련3_받기 시작한 시기_월
1017,G181L061,L5. 직업/교육 훈련3_종료 여부
1018,G181L062,L5. 직업 교육/훈련3 _끝난 시기_년
1019,G181L063,L5. 직업 교육/훈련3 _끝난 시기_월
1020,G181L068,L6. 직업 교육/훈련3_훈련기간_총 시간
1021,G181L070,L7. 직업 교육/훈련3_훈련 종류
1022,G181L087,L8. 직업 교육/훈련2_훈련이 업무시간 중에 진행되었는지 여부
1023,G181L073,L9. 직업 교육/훈련3_훈련 목적
1024,G181L074,L10. 직업 교육/훈련3_목적에 도움을 주었는지 정도
1025,G181L082,L11. 직업 교육/훈련3_자기 부담 비용
1026,G181L083,L12. 향후 1년 이내 직업교육/훈련 희망 여부
1027,G181L084,L13. 직업교육/훈련 희망 분야
1028,G181M001,M1. 자격증 소지 여부
1029,G181M002,M2. 자격증 소지 개수
1030,G181M006,M3. 취득 자격증1 명칭(open)/CODE
1031,G181M007,M4. 취득 자격증1_유형
1032,G181M008,M5. 취득 자격증1_취득 목적
1033,G181M010,M6. 취득 자격증1_취득 목적에 도움이 되었는지 여부
1034,G181M022,M7. 취득 자격증1_자격증 취득을 위한 자기 부담 비용
1035,G181M026,M8. 취득 자격증1_자격증 취득 시기_년
1036,G181M027,M8. 취득 자격증1_자격증 취득 시기_월
1037,G181M028,M9. 취득 자격증1_자격증 준비 시작 시기_년
1038,G181M029,M9. 취득 자격증1_자격증 준비 시작 시기_월
1039,G181M030,M9. 취득 자격증1_자격증 준비 종료 시기_년
1040,G181M031,M9. 취득 자격증1_자격증 준비 종료 시기_월
1041,G181M037,M3. 취득 자격증2 명칭(open)/CODE
1042,G181M038,M4. 취득 자격증2_유형
1043,G181M039,M5. 취득 자격증2_취득 목적
1044,G181M041,M6. 취득 자격증2_취득 목적에 도움이 되었는지 여부
1045,G181M053,M7. 취득 자격증2_자격증 취득을 위한 자기 부담 비용
1046,G181M057,M8. 취득 자격증2_자격증 취득 시기_년
1047,G181M058,M8. 취득 자격증2_자격증 취득 시기_월
1048,G181M059,M9. 취득 자격증2_자격증 준비 시작 시기_년
1049,G181M060,M9. 취득 자격증2_자격증 준비 시작 시기_월
1050,G181M061,M9. 취득 자격증2_자격증 준비 종료 시기_년
1051,G181M062,M9. 취득 자격증2_자격증 준비 종료 시기_월
1052,G181M068,M3. 취득 자격증3 명칭(open)/CODE
1053,G181M069,M4. 취득 자격증3_유형
1054,G181M070,M5. 취득 자격증3_취득 목적
1055,G181M072,M6. 취득 자격증3_취득 목적에 도움이 되었는지 여부
1056,G181M084,M7. 취득 자격증3_자격증 취득을 위한 자기 부담 비용
1057,G181M088,M8. 취득 자격증3_자격증 취득 시기_년
1058,G181M089,M8. 취득 자격증3_자격증 취득 시기_월
1059,G181M090,M9. 취득 자격증3_자격증 준비 시작 시기_년
1060,G181M091,M9. 취득 자격증3_자격증 준비 시작 시기_월
1061,G181M092,M9. 취득 자격증3_자격증 준비 종료 시기_년
1062,G181M093,M9. 취득 자격증3_자격증 준비 종료 시기_월
1063,G181N083,"N1. 시험 준비 경험 유무_공단(사), 교원 임용 시험"
1064,G181N084,N1-1. 대학시절부터 지금까지 준비한 시험 갯수
1065,G181N085,N2. 시험준비1_준비한 시험명
1066,G181N090,N3. 시험준비1_시험 준비 시작 시기_년
1067,G181N091,N3. 시험준비1_시험 준비 시작 시기_월
1068,G181N092,N3. 시험준비1_시험 준비 종료 시기_년
1069,G181N093,N3. 시험준비1_시험 준비 종료 시기_월
1070,G181N096,N4. 시험준비1_시험 응시 횟수_회
1071,G181N097,N5. 시험준비1_시험 준비 방법_1순위
1072,G181N098,N5. 시험준비1_시험 준비 방법_2순위
1073,G181N099,N6. 시험준비1_시험 준비 위해 소요된 비용_월평균_만원
1074,G181N100,N7. 시험준비1_시험 최종 합격 여부
1075,G181N101,N8. 시험준비1_현재까지 계속적으로 준비하고 있는지 여부
1076,G181N102,N2. 시험준비2_준비한 시험명
1077,G181N107,N3. 시험준비2_시험 준비 시작 시기_년
1078,G181N108,N3. 시험준비2_시험 준비 시작 시기_월
1079,G181N109,N3. 시험준비2_시험 준비 종료 시기_년
1080,G181N110,N3. 시험준비2_시험 준비 종료 시기_월
1081,G181N113,N4. 시험준비2_시험 응시 횟수_회
1082,G181N114,N5. 시험준비2_시험 준비 방법_1순위
1083,G181N115,N5. 시험준비2_시험 준비 방법_2순위
1084,G181N116,N6. 시험준비2_시험 준비 위해 소요된 비용_월평균_만원
1085,G181N117,N7. 시험준비2_시험 최종 합격 여부
1086,G181N118,N8. 시험준비2_현재까지 계속적으로 준비하고 있는지 여부
1087,G181N119,N2. 시험준비3_준비한 시험명
1088,G181N124,N3. 시험준비3_시험 준비 시작 시기_년
1089,G181N125,N3. 시험준비3_시험 준비 시작 시기_월
1090,G181N126,N3. 시험준비3_시험 준비 종료 시기_년
1091,G181N127,N3. 시험준비3_시험 준비 종료 시기_월
1092,G181N130,N4. 시험준비3_시험 응시 횟수_회
1093,G181N131,N5. 시험준비3_시험 준비 방법_1순위
1094,G181N132,N5. 시험준비3_시험 준비 방법_2순위
1095,G181N133,N6. 시험준비3_시험 준비 위해 소요된 비용_월평균_만원
1096,G181N134,N7. 시험준비3_시험 최종 합격 여부
1097,G181N135,N8. 시험준비3_현재까지 계속적으로 준비하고 있는지 여부
1098,G181K001,K1. 졸업 전 후 구직활동(취업준비활동) 경험 유무
1099,G181K110,K1-1. 취업 준비활동 경험여부 0- NCS 시험 준비
1100,G181K004,K1-1. 취업 준비활동 경험여부 1- 기업체 직무적성검사(SSAT 등) 공부
1101,G181K005,K1-1. 취업 준비활동 경험여부 2-영어 등 외국어 공부
1102,G181K006,K1-1. 취업 준비활동 경험여부 3- 봉사활동
1103,G181K007,K1-1. 취업 준비활동 경험여부 4-공모전 수상
1104,G181K008,K1-1. 취업 준비활동 경험여부 5-자격증 준비
1105,G181K009,"K1-1. 취업 준비활동 경험여부 6-대외활동(체험단, 마케터, 서포터즈 등)"
1106,G181K010,"K1-1. 취업 준비활동 경험여부 7-외모관리(다이어트, 시술, 수술 등)"
1107,G181K011,K1-1. 취업 준비활동 경험여부 8-이력서 작성 및 면접훈련 교육
1108,G181K012,K1-1. 취업 준비활동 경험여부 9-(모의)면접훈련
1109,G181K111,K1-1. 취업 준비활동 경험여부 10-기타
1110,G181K112,K1-1. 취업 준비활동 도움정도 0- NCS 시험 준비
1111,G181K013,K1-1. 취업 준비활동 도움정도 1-기업체 직무적성검사(SSBT 등) 공부
1112,G181K014,K1-1. 취업 준비활동 도움정도 2-영어 등 외국어 공부
1113,G181K015,K1-1. 취업 준비활동 도움정도 3-봉사활동
1114,G181K016,K1-1. 취업 준비활동 도움정도 4-공모전 수상
1115,G181K017,K1-1. 취업 준비활동 도움정도 5-자격증 준비
1116,G181K018,"K1-1. 취업 준비활동 도움정도 6-대외활동(체험단, 마케터, 서포터즈 등)"
1117,G181K019,"K1-1. 취업 준비활동 도움정도 7-외모관리(다이어트, 시술, 수술 등)"
1118,G181K020,K1-1. 취업 준비활동 도움정도 8-이력서 작성 및 면접훈련 교육
1119,G181K021,K1-1. 취업 준비활동 도움정도 9-(모의)면접훈련
1120,G181K113,K1-1. 취업 준비활동 도움정도10-기타
1121,G181K022,K2. 처음 취업준비 시작 시기_졸업 전후 여부
1122,G181K023,K2. 처음 취업준비 시작 시기_학년
1123,G181K024,K2. 처음 취업준비 시작 시기_학기
1124,G181K025,K3. 취업준비 과정 중 어려운 점
1125,G181K027,K4. 일자리 정보를 얻은 방법_1순위
1126,G181K028,K4. 일자리 정보를 얻은 방법_2순위
1127,G181K109,K5. 향후 1년간 계획
1128,G181K042,K6. 일자리 지원 시 중요도 1- 근로소득
1129,G181K043,K6. 일자리 지원 시 중요도 2- 근로시간
1130,G181K044,"K6. 일자리 지원 시 중요도 3- 자신의 적성, 흥미"
1131,G181K045,K6. 일자리 지원 시 중요도 4- 전공 분야와의 관련성
1132,G181K046,K6. 일자리 지원 시 중요도 5- 업무 내용의 난이도
1133,G181K047,K6. 일자리 지원 시 중요도 6- 업무량
1134,G181K048,K6. 일자리 지원 시 중요도 7- 개인 발전 가능성
1135,G181K049,K6. 일자리 지원 시 중요도 8- 직업 자체의 미래 전망
1136,G181K050,K6. 일자리 지원 시 중요도 9- 직장(고용)안정성
1137,G181K051,K6. 일자리 지원 시 중요도 10- 근무환경
1138,G181K052,K6. 일자리 지원 시 중요도 11- 복리후생
1139,G181K053,K6. 일자리 지원 시 중요도 12- 회사규모
1140,G181K055,K6. 일자리 지원 시 중요도 14- 출퇴근 거리
1141,G181K056,K6. 일자리 지원 시 중요도 15- 일자리에 대한 사회적 평판
1142,G181K057,K6. 일자리 지원 시 중요도 16- 하는 일에 대한 사회적 평판
1143,G181O162,O1. 청년 대상 정책 중 지원금을 받은 정책 - [1] 고용노동부 청년구직활동 지원금 -복수응답
1144,G181O163,O1. 청년 대상 정책 중 지원금을 받은 정책 - [2] 자치단체 청년수당
1145,G181O164,O1. 청년 대상 정책 중 지원금을 받은 정책 - [3] 취업성공 패키지
1146,G181O165,O1. 청년 대상 정책 중 지원금을 받은 정책 - [4] 기타
1147,G181O166,O1. 청년 대상 정책 중 지원금을 받은 정책 - [5] 해당없음
1148,G181O167,O2. 청년구직활동지원금 인지 여부
1149,G181O168,"O3. 청년구직활동 지원금 인지 경로 - [1] 친구, 선후배 등 지인 -복수응답"
1150,G181O169,O3. 청년구직활동 지원금 인지 경로 - [2] 부모 또는 친척(형제자매 포함)
1151,G181O170,"O3. 청년구직활동 지원금 인지 경로 - [3] 신문, TV 등 언론매체"
1152,G181O171,O3. 청년구직활동 지원금 인지 경로 - [4] 인터넷(온라인청년센터/취업사이트/카페/유튜브 등)
1153,G181O172,"O3. 청년구직활동 지원금 인지 경로 - [5] 공공취업알선기관(고용센터, 지자체 취업센터 등)"
1154,G181O173,O3. 청년구직활동 지원금 인지 경로 - [6] 기타
1155,G181O174,O4. 청년구직활동지원금 신청 여부
1156,G181O175,O5. 청년구직활동지원금 현재 수령 여부
1157,G181O176,O5. <수령 종료> 청년구직활동지원금 수령 시작_년
1158,G181O177,O5. <수령 종료> 청년구직활동지원금 수령 시작_월
1159,G181O178,O5. <수령 종료> 청년구직활동지원금 수령 종료_년
1160,G181O179,O5. <수령 종료> 청년구직활동지원금 수령 종료_월
1161,G181O180,O5. <현재 받고있음> 청년구직활동지원금 수령 시작_년
1162,G181O181,O5. <현재 받고있음> 청년구직활동지원금 수령 시작_월
1163,G181O182,"O6. 청년구직활동지원금 사용 영역 1- 시험(입사, 공무원 시험)준비를 위한 비용"
1164,G181O183,"O6. 청년구직활동지원금 사용 영역 2- 자격증 취득, 어학능력 향상, 행사 및 교육참여 등 역량강화를 위한 비용"
1165,G181O184,"O6. 청년구직활동지원금 사용 영역 3- 취?창업 관련 그룹 활동(스터디, 세미나) 등에 소요되는 비용(장소 대여, 식사 등)"
1166,G181O185,"O6. 청년구직활동지원금 사용 영역 4- 사진촬영비, 입사 시험 또는 면접 응시료, 면접 시 숙박 및 교통비 등 구직활동 비용"
1167,G181O186,"O6. 청년구직활동지원금 사용 영역 5- 식비, 교통비, 통신비 등 취?창업 활동에 필요한 생활비 보조"
1168,G181O187,O6. 청년구직활동지원금 사용 영역 6- 기타
1169,G181O188,O7. 청년구직활동지원금 도움 정도
1170,G181O189,O8. 청년구직활동지원금 제도 참여시 불편하거나 어려웠던 점 1순위
1171,G181O190,O8. 청년구직활동지원금 제도 참여시 불편하거나 어려웠던 점 2순위
1172,G181O191,O9. 청년구직활동지원금 신청 의향
1173,G181O192,O10. 청년구직활동지원금 신청하고자 하는 주된 이유
1174,G181O193,O11. 청년구직활동지원금 신청할 의향이 없는 이유
1175,G181O194,O12. 취업 관련 생각이나 상황 1- 좋아하는 직업이 무엇인지 명확하게 알고있음
1176,G181O195,O12. 취업 관련 생각이나 상황 2- 직업에 대한 선택기준을 명확하게 가지고 있음
1177,G181O196,O12. 취업 관련 생각이나 상황 3- 미래직업에 대한 분명한 목표를 가지고 있음
1178,G181O197,O12. 취업 관련 생각이나 상황 4- 다른 사람보다 취업계획이 확실한 편
1179,G181O198,O12. 취업 관련 생각이나 상황 5- 취업목표를 설정하는데 있어 본인의 능력을 현실적으로 고려
1180,G181O199,O12. 취업 관련 생각이나 상황 6- 취업목표를 달성하기 위해 앞으로 할일에 구체적 계획을 세움
1181,G181O200,O12. 취업 관련 생각이나 상황 7- 사회로부터 관심과 지원을 받는다고 생각
1182,G181O201,O12. 취업 관련 생각이나 상황 8- 어려울 때 의지할 사람이 있다고 생각
1183,G181O202,O12. 취업 관련 생각이나 상황 9- 하고 싶은 일을 잘 할 수 있다고 생각
1184,G181Q001,Q1. 현재 건강상태
1185,G181Q002,Q2. 일주일 평균 운동 시간
1186,G181Q003,Q3. 하루 평균 수면시간
1187,G181Q004,Q4. 흡연 여부
1188,G181Q005,Q4-1. 하루 평균 흡연량
1189,G181Q006,Q5. 음주 빈도
1190,G181Q007,"Q6. 육체적 제약 1- 시각, 청각, 언어장애 등 감각기관의 장애"
1191,G181Q008,"Q6. 육체적 제약 2- 걷기, 계단오르기, 물건을 들거나 운반하기 등의 육체적 활동에 제약"
1192,G181Q009,"Q7. 어려움 경험 여부 1- 배우기, 기억하기, 집중하기에 어려움"
1193,G181Q010,"Q7. 어려움 경험 여부 2- 옷입기, 목욕하기 등 집안 돌아 다니는 데에 어려움"
1194,G181Q011,"Q7. 어려움 경험 여부 3- 쇼핑하기, 병원가기 등 집밖 돌아 다니는 데에 어려움"
1195,G181Q012,Q7. 어려움 경험 여부 4- 직업활동을 하는 데 어려움
1196,G181Q015,Q8. 삶의 만족도 1- 개인적 측면
1197,G181Q016,Q8. 삶의 만족도 2- 관계적 측면
1198,G181Q017,Q8. 삶의 만족도 3- 소속 집단에 대한 만족도
1199,G181Q018,Q9. 지난 한달간 감정(빈도) 1- 즐거운
1200,G181Q019,Q9. 지난 한달간 감정(빈도) 2- 행복한
1201,G181Q020,Q9. 지난 한달간 감정(빈도) 3- 편안한
1202,G181Q021,Q9. 지난 한달간 감정(빈도) 4- 짜증나는
1203,G181Q022,Q9. 지난 한달간 감정(빈도) 5- 부정적인
1204,G181Q023,Q9. 지난 한달간 감정(빈도) 6- 무기력한
1205,G181P001,P1. 혼인 여부
1206,G181P002,P1-1. 결혼한 시기_년
1207,G181P003,P1-1. 결혼한 시기_월
1208,G181P004,P2. 배우자의 최종 학력
1209,G181P006,P2-1. 배우자의 직업
1210,G181P007,P2-2. 배우자의 월 평균 소득
1211,G181P008,P3. 부양해야 할 자녀 유무
1212,G181P009,P3. 부양해야 할 자녀 명 수
1213,G181P014,P4. 부모님과의 동거 여부
1214,G181P016,P5. 가구주와의 관계
1215,G181P017,P6. 함께 거주하는 가구원 수
1216,G181P018,P7. 출생 지역(국내외구분)
1217,G181P019,P7. 출생 지역(국외_국가명)
1218,G181P020,P7. 출생 지역 시도(특별시/광역시/도) CODE
1219,G181P021,P7. 출생 지역 시군구(구/시/군) CODE
1220,G181P024,P8. 현재 거주지 시도(특별시/광역시/도) CODE
1221,G181P025,P8. 현재 거주지 시군구(구/시/군) CODE
1222,G181P026,P9. 아버님의 최종 학력
1223,G181P027,P9. 아버님의 최종 학력 이수 여부
1224,G181P028Z,P9. 아버님의 최종 학력_생성변수
1225,G181P029,P9. 어머님의 최종 학력
1226,G181P030,P9. 어머님의 최종 학력 이수 여부
1227,G181P031Z,P9. 어머님의 최종 학력_생성변수
1228,G181P032,P10. 대학 입학(편입) 당시 아버님의 직업
1229,G181P033,P10. 대학 입학(편입) 당시 어머님의 직업
1230,G181P034,P11. 대학 입학(편입) 당시 부모님의 월평균 소득
1231,G181P035,P11. 현재 부모님의 월평균 소득
1232,G181P036,P12. 현재 부모님의 자산규모
1233,G181P046,P13. 현재 거주 형태
1234,G181P037,P13-1. 현재 거주하는 집이 자가인지 전/월세인지 여부
1235,G181P038,P13-2. 주택의 종류
1236,G181P039,P14. 지난 한 해 소득_만원
1237,G181P040Z,개인 소득 총액 메모
1238,G181P041,P15. 가족에게 경제적 지원을 받고 있는지 여부
1239,G181P042,P15. 월평균 지원 금액_만원
1240,G181P043,P16. 가족에게 경제적 지원을 하고 있는지 여부
1241,G181P044,P16. 월평균 지원 금액_만원
1242,G181P045,P17. 군 복무 경험
1243,G181R001,R1. 전년도 소득액 1- 근로?사업 소득_소득여부
1244,G181R002,R1. 전년도 소득액 1- 근로?사업 소득_액수
1245,G181R003,R1. 전년도 소득액 2_1- 육아휴직급여_소득여부
1246,G181R004,R1. 전년도 소득액 2_1- 육아휴직급여_액수
1247,G181R005,R1. 전년도 소득액 2_2- 산전후휴가급여_소득여부
1248,G181R006,R1. 전년도 소득액 2_2- 산전후휴가급여_액수
1249,G181R007,R1. 전년도 소득액 2_3- 실업급여_소득여부
1250,G181R008,R1. 전년도 소득액 2_3- 실업급여_액수
1251,G181R009,R1. 전년도 소득액 2_4- 그 외 사회보험(기타응답)
1252,G181R010,R1. 전년도 소득액 2_4- 그 외 사회보험(기타응답)_소득여부
1253,G181R011,R1. 전년도 소득액 2_4- 그 외 사회보험(기타응답)_액수
1254,G181R012,"R1. 전년도 소득액 3- 공적 이전 소득(청년수당, 양육수당 등 각종 사회수혜금)_소득여부"
1255,G181R013,"R1. 전년도 소득액 3- 공적 이전 소득(청년수당, 양육수당 등 각종 사회수혜금)_액수"
1256,G181R014,R1. 전년도 소득액 4- 가족 및 친지로부터 경제적 지원_소득여부
1257,G181R015,R1. 전년도 소득액 4- 가족 및 친지로부터 경제적 지원_액수
1258,G181R016,"R1. 전년도 소득액 5- 금융, 부동산 소득_소득여부"
1259,G181R017,"R1. 전년도 소득액 5- 금융, 부동산 소득_액수"
1260,G181R018,"R1. 전년도 소득액 6- 금융, 부동산 소득대출_소득여부"
1261,G181R019,"R1. 전년도 소득액 6- 금융, 부동산 소득대출_액수"
1262,G181R020,R1. 전년도 소득액 7- 기타 소득(기타응답)
1263,G181R021,R1. 전년도 소득액 7- 기타 소득(기타응답)_소득여부
1264,G181R022,R1. 전년도 소득액 7- 기타 소득(기타응답)_액수
1265,G181R023,R2. 전년도 월평균 생활비 지출액
1266,G181R024,R2-1. 전년도 월평균 주거비 지출액
1267,G181R025,R2-2. 전년도 월평균 공교육비 지출액
1268,G181R026,R2-2. 전년도 월평균 사교육비 지출액
1269,G181R027,R3. 생활비 주된 충당 방식
1270,G181WT,가중치
